Time,IRLT_US,M1IDX_US,M3IDX_US,CCRETT01_US,IRLT_EA,M1IDX_EA,M3IDX_EA,CCUS,CCRETT01_EA,GDPIDX_US,GDPIDX_EA
1979M1: Jan-1979,"9,1","20,58356","15,95055","97,11507","9,6236","8,808558","10,68058","0,7362144","119,7297","42,106","53,634"
1979M2: Feb-1979,"9,1","20,65818","16,02265","98,0448","9,7419","8,893691","10,78215","0,7398092","119,1197","42,201","53,739"
1979M3: Mar-1979,"9,12","20,80742","16,13894","98,4788","9,8235","8,974513","10,88748","0,7396449","118,8486","42,294","53,843"
1979M4: Apr-1979,"9,18","21,12312","16,30524","99,59675","9,9274","9,028395","10,98851","0,7479432","117,3157","42,385","53,946"
1979M5: May-1979,"9,25","21,21496","16,39944","100,6753","10,201","9,086587","11,09439","0,756258","116,5653","42,476","54,047"
1979M6: Jun-1979,"8,91","21,43308","16,54829","101,1897","10,3992","9,17603","11,20832","0,7474959","116,3551","42,564","54,147"
1979M7: Jul-1979,"8,95","21,6512","16,68552","99,64757","10,5292","9,236378","11,30236","0,7208246","115,5263","42,652","54,246"
1979M8: Aug-1979,"9,03","21,74304","16,82274","100,6636","10,5991","9,299957","11,3991","0,7230135","115,6868","42,738","54,343"
1979M9: Sep-1979,"9,33","21,77174","16,90996","100,7122","10,6704","9,345218","11,48992","0,7153076","117,5399","42,823","54,439"
1979M10: Oct-1979,"10,3","21,85784","16,98322","102,0042","10,8468","9,385091","11,5786","0,7183908","118,9882","42,906","54,533"
1979M11: Nov-1979,"10,65","21,85784","17,04718","104,1697","11,1374","9,44436","11,69575","0,7145409","121,0606","42,988","54,625"
1979M12: Dec-1979,"10,39","21,91524","17,13789","103,4165","11,4201","9,513329","11,79356","0,699937","121,8603","43,07","54,716"
1980M1: Jan-1980,"10,8","22,14484","17,24255","102,95","11,5023","9,566478","11,81162","0,6927127","120,7779","43,15","54,806"
1980M2: Feb-1980,"12,41","22,39166","17,38094","103,8821","12,0853","9,602901","11,83793","0,6991051","119,8876","43,229","54,894"
1980M3: Mar-1980,"12,75","22,29408","17,44141","107,377","12,685","9,680157","11,94593","0,7364855","116,3744","43,308","54,98"
1980M4: Apr-1980,"11,47","22,03004","17,46932","108,1842","12,5724","9,747401","12,03853","0,7425007","114,2732","43,386","55,065"
1980M5: May-1980,"10,18","22,08744","17,58677","103,9419","12,2638","9,800981","12,11246","0,713165","114,5753","43,463","55,149"
1980M6: Jun-1980,"9,78","22,33426","17,78331","102,2167","12,1057","9,870337","12,20628","0,7027407","114,2844","43,539","55,231"
1980M7: Jul-1980,"10,25","22,61552","17,97286","101,327","12,1237","9,95519","12,30769","0,6942998","114,9242","43,616","55,311"
1980M8: Aug-1980,"11,1","22,914","18,15893","102,613","12,164","10,01567","12,39848","0,7069136","113,3353","43,692","55,391"
1980M9: Sep-1980,"11,51","23,23544","18,30429","101,3418","12,4537","10,05381","12,48193","0,7069136","111,5923","43,768","55,469"
1980M10: Oct-1980,"11,75","23,47651","18,42989","101,6397","12,7621","10,13734","12,58619","0,7219695","108,6086","43,844","55,545"
1980M11: Nov-1980,"12,68","23,57409","18,55781","103,7294","12,9068","10,23108","12,72757","0,7488954","105,7654","43,92","55,621"
1980M12: Dec-1980,"12,84","23,44781","18,60433","105,0393","12,841","10,22491","12,84329","0,7697045","104,3719","43,996","55,696"
1981M1: Jan-1981,"12,57","23,60853","18,68689","103,8842","12,9312","10,23404","12,94025","0,7746533","101,9425","44,073","55,769"
1981M2: Feb-1981,"13,19","23,80943","18,82412","106,907","13,4494","10,32602","13,07301","0,8287064","98,2206","44,15","55,842"
1981M3: Mar-1981,"13,12","24,05051","19,03228","106,9701","13,7055","10,36499","13,19888","0,8296689","99,70055","44,227","55,914"
1981M4: Apr-1981,"13,68","24,53267","19,2951","108,5818","13,9322","10,41021","13,32733","0,8482484","98,3555","44,305","55,985"
1981M5: May-1981,"14,1","24,37769","19,35324","111,5473","14,7366","10,47155","13,45864","0,9018759","94,99067","44,384","56,055"
1981M6: Jun-1981,"13,47","24,40639","19,42418","113,5973","14,8977","10,49827","13,56894","0,9382623","93,8344","44,464","56,125"
1981M7: Jul-1981,"14,28","24,50397","19,55908","116,6581","15,0344","10,51251","13,66001","0,9664637","93,99089","44,545","56,194"
1981M8: Aug-1981,"14,94","24,50397","19,70328","118,5811","15,2041","10,53638","13,73161","0,9945301","93,10542","44,626","56,262"
1981M9: Sep-1981,"15,32","24,50971","19,83934","116,23","15,4353","10,60709","13,83804","0,9459843","97,53292","44,71","56,331"
1981M10: Oct-1981,"15,15","24,59007","20,02308","115,0328","15,2037","10,6697","13,95917","0,9210647","99,58871","44,794","56,399"
1981M11: Nov-1981,"13,39","24,75653","20,18938","112,9146","15,1985","10,70873","14,0582","0,910498","98,72296","44,881","56,467"
1981M12: Dec-1981,"13,72","25,06649","20,41499","112,8121","14,9096","10,7671","14,17983","0,918611","97,29019","44,968","56,535"
1982M1: Jan-1982,"14,59","25,41089","20,58826","114,0575","14,8468","10,83596","14,31923","0,9372071","97,2115","45,058","56,602"
1982M2: Feb-1982,"14,43","25,36497","20,63594","117,6093","14,8963","10,9069","14,45495","0,9684292","96,31659","45,15","56,67"
1982M3: Mar-1982,"13,86","25,41089","20,77549","119,9593","14,6102","10,98772","14,59953","0,9849306","96,17308","45,244","56,739"
1982M4: Apr-1982,"13,87","25,66345","20,97784","120,646","14,4708","11,08722","14,73586","1,048988","95,99005","45,34","56,807"
1982M5: May-1982,"13,62","25,64049","21,11157","118,8207","14,4346","11,17809","14,84523","0,9683354","98,15408","45,439","56,876"
1982M6: Jun-1982,"14,3","25,68641","21,23484","124,3782","14,6425","11,27456","14,99613","1,016673","95,46365","45,54","56,945"
1982M7: Jul-1982,"13,95","25,71511","21,30229","126,1184","14,5892","11,35523","15,15215","1,043623","94,63556","45,644","57,015"
1982M8: Aug-1982,"13,06","25,91026","21,46277","125,5615","14,2299","11,44839","15,28695","1,048878","94,50031","45,75","57,085"
1982M9: Sep-1982,"12,34","26,22596","21,61628","127,3785","13,9851","11,55582","15,42387","1,062361","94,27126","45,859","57,157"
1982M10: Oct-1982,"10,91","26,6622","21,74769","129,0611","13,8124","11,62655","15,52889","1,072961","95,10454","45,971","57,229"
1982M11: Nov-1982,"10,55","27,064","21,9105","128,6215","13,8141","11,73757","15,63605","1,092419","95,46381","46,086","57,302"
1982M12: Dec-1982,"10,54","27,25342","22,16983","123,3417","13,4026","11,836","15,78908","1,047669","98,23386","46,204","57,376"
1983M1: Jan-1983,"10,46","27,39118","22,79082","124,4881","13,1128","11,9268","15,94092","1,0426","99,71453","46,324","57,451"
1983M2: Feb-1983,"10,72","27,79872","23,22575","125,5036","13,0497","12,05256","16,05724","1,0595","99,76968","46,448","57,527"
1983M3: Mar-1983,"10,51","28,16034","23,43857","125,8103","12,8272","12,16327","16,1583","1,0651","100,8712","46,574","57,605"
1983M4: Apr-1983,"10,4","28,30958","23,5944","126,4746","12,7883","12,25026","16,25142","1,0794","97,96146","46,704","57,684"
1983M5: May-1983,"10,38","28,69989","23,76302","126,3349","12,935","12,34253","16,35897","1,0888","96,21342","46,836","57,764"
1983M6: Jun-1983,"10,85","28,92949","23,88396","128,1947","13,0909","12,46491","16,47698","1,1206","94,78136","46,971","57,845"
1983M7: Jul-1983,"11,38","29,14761","24,01537","128,9429","13,045","12,58084","16,60153","1,1379","94,06538","47,108","57,928"
1983M8: Aug-1983,"11,85","29,30259","24,12236","130,7757","13,146","12,67383","16,73494","1,1733","92,47648","47,248","58,012"
1983M9: Sep-1983,"11,65","29,43461","24,22935","130,7073","13,2007","12,72244","16,83463","1,174","92,45004","47,391","58,098"
1983M10: Oct-1983,"11,54","29,68717","24,41542","128,6691","13,1173","12,76733","16,93979","1,1553","93,39487","47,536","58,186"
1983M11: Nov-1983,"11,69","29,79049","24,56776","130,1078","13,1762","12,84705","17,07607","1,1856","91,86549","47,683","58,275"
1983M12: Dec-1983,"11,83","29,92825","24,69801","131,1139","12,9664","12,94617","17,21235","1,2165","90,93635","47,833","58,365"
1984M1: Jan-1984,"11,67","30,14063","24,86895","131,661","12,7903","13,02132","17,32948","1,2432","90,02475","47,985","58,458"
1984M2: Feb-1984,"11,84","30,27839","25,1027","130,2128","12,5778","13,0745","17,41366","1,2046","92,19132","48,139","58,551"
1984M3: Mar-1984,"12,32","30,50225","25,29923","128,2513","12,455","13,12913","17,50342","1,1629","94,41325","48,294","58,647"
1984M4: Apr-1984,"12,63","30,70889","25,49228","129,0636","12,4637","13,18585","17,61364","1,1829","93,78528","48,452","58,744"
1984M5: May-1984,"13,41","30,80647","25,63648","131,7624","12,5921","13,27001","17,75138","1,2273","91,90926","48,611","58,844"
1984M6: Jun-1984,"13,56","31,00737","25,76324","132,7049","12,4619","13,35272","17,88526","1,2259","92,91613","48,772","58,944"
1984M7: Jul-1984,"13,36","31,04755","25,86208","136,0052","12,3281","13,41308","18,0101","1,273","92,08715","48,934","59,047"
1984M8: Aug-1984,"12,72","31,05329","25,94116","136,3766","12,2078","13,50423","18,15623","1,2888","90,96135","49,098","59,152"
1984M9: Sep-1984,"12,52","31,17383","26,10513","138,4352","12,0916","13,6133","18,31484","1,3475","88,621","49,263","59,258"
1984M10: Oct-1984,"12,16","31,20827","26,27259","139,4512","11,6297","13,69341","18,43478","1,3731","88,5071","49,429","59,366"
1984M11: Nov-1984,"11,57","31,42638","26,53425","138,2508","11,4203","13,76671","18,5229","1,3399","90,03065","49,596","59,476"
1984M12: Dec-1984,"11,5","31,66172","26,82614","140,3382","11,2049","13,90728","18,65635","1,3894","89,15849","49,765","59,588"
1985M1: Jan-1985,"11,38","31,97168","27,12734","141,8753","10,855","14,0585","18,8151","1,4245","89,6201","49,934","59,702"
1985M2: Feb-1985,"11,51","32,35052","27,37969","145,2993","10,9617","14,15937","18,98827","1,4809","88,22932","50,104","59,818"
1985M3: Mar-1985,"11,86","32,52272","27,52156","146,0464","11,0255","14,23188","19,14994","1,484","87,2752","50,274","59,936"
1985M4: Apr-1985,"11,43","32,74084","27,62739","141,9417","10,8583","14,26282","19,26706","1,3822","89,2225","50,445","60,056"
1985M5: May-1985,"10,85","33,01062","27,79252","142,9365","10,8509","14,29135","19,35332","1,3885","88,58981","50,617","60,177"
1985M6: Jun-1985,"10,16","33,4239","28,06116","142,5844","10,8231","14,34709","19,43484","1,3645","88,96206","50,789","60,301"
1985M7: Jul-1985,"10,31","33,81422","28,25769","139,8787","10,7913","14,45405","19,54428","1,2959","90,08466","50,962","60,427"
1985M8: Aug-1985,"10,33","34,22176","28,42631","138,25","10,678","14,55527","19,64655","1,2532","92,2104","51,135","60,554"
1985M9: Sep-1985,"10,37","34,62929","28,57051","139,4662","10,5376","14,65429","19,74119","1,2753","91,3672","51,308","60,684"
1985M10: Oct-1985,"10,24","34,88759","28,70658","133,761","10,4002","14,81973","19,8574","1,1951","93,72054","51,482","60,815"
1985M11: Nov-1985,"9,78","35,14015","28,81938","132,7828","10,2661","14,91103","19,93624","1,173","94,29338","51,655","60,949"
1985M12: Dec-1985,"9,26","35,57639","28,98684","131,6774","10,2047","14,9832","20,09124","1,1457","96,27195","51,829","61,084"
1986M1: Jan-1986,"9,19","35,66823","29,10429","129,9932","9,9611","15,08438","20,27305","1,1216","98,78201","52,002","61,221"
1986M2: Feb-1986,"8,7","35,88635","29,22873","125,2731","9,9428","15,19629","20,36474","1,0788","100,9921","52,176","61,361"
1986M3: Mar-1986,"7,78","36,36277","29,4648","122,4073","9,3951","15,4414","20,50543","1,0485","102,4882","52,349","61,502"
1986M4: Apr-1986,"7,3","36,79327","29,75204","121,1382","8,7663","15,5917","20,60372","1,0526","100,4269","52,522","61,645"
1986M5: May-1986,"7,71","37,42466","30,06719","118,7159","8,4784","15,67203","20,66809","1,0372","100,6141","52,695","61,79"
1986M6: Jun-1986,"7,8","37,9183","30,30326","120,504","8,5498","15,75325","20,77856","1,04","100,6505","52,868","61,937"
1986M7: Jul-1986,"7,3","38,47508","30,55561","117,3765","8,5312","15,82038","20,89269","1,0103","102,5098","53,04","62,086"
1986M8: Aug-1986,"7,17","38,95724","30,78703","115,6739","8,3521","15,95043","21,01732","0,9793","105,0737","53,212","62,237"
1986M9: Sep-1986,"7,45","39,45662","31,03706","115,6872","8,3279","16,07575","21,16393","0,9732","106,0672","53,383","62,39"
1986M10: Oct-1986,"7,43","39,88712","31,26732","115,6408","8,4165","16,21379","21,34453","0,9616","108,3832","53,554","62,545"
1986M11: Nov-1986,"7,25","40,48981","31,4278","117,2747","8,535","16,30883","21,48989","0,9674","108,1243","53,725","62,702"
1986M12: Dec-1986,"7,11","41,59763","31,7383","116,4044","8,4674","16,36354","21,58085","0,9574","109,0578","53,895","62,86"
1987M1: Jan-1987,"7,08","41,91333","31,92204","112,7665","8,4529","16,47102","21,70365","0,9004","112,0049","54,064","63,02"
1987M2: Feb-1987,"7,25","41,94203","31,9639","111,8269","8,5029","16,58497","21,84769","0,8826","112,893","54,233","63,183"
1987M3: Mar-1987,"7,25","42,11996","32,03717","111,2028","8,4579","16,67925","21,98886","0,8836","110,8079","54,401","63,346"
1987M4: Apr-1987,"8,02","42,6997","32,2023","108,4412","8,4889","16,87461","22,1748","0,8721","109,3729","54,568","63,512"
1987M5: May-1987,"8,61","42,80876","32,26394","107,6264","8,6779","16,99961","22,34096","0,8611","109,187","54,734","63,679"
1987M6: Jun-1987,"8,4","42,65952","32,28371","109,021","8,9002","17,08181","22,46357","0,8765","109,0013","54,9","63,848"
1987M7: Jul-1987,"8,45","42,64804","32,33604","110,5293","9,1785","17,21076","22,59914","0,8886","109,0104","55,065","64,019"
1987M8: Aug-1987,"8,76","42,7571","32,44302","110,2647","9,5074","17,28852","22,75419","0,896","108,0628","55,229","64,191"
1987M9: Sep-1987,"9,42","42,91208","32,5756","108,2939","9,7306","17,39592","22,90979","0,8735","108,5966","55,392","64,364"
1987M10: Oct-1987,"9,52","43,40572","32,75701","108,0144","9,995","17,5226","23,07457","0,8686","108,9207","55,553","64,539"
1987M11: Nov-1987,"8,86","43,23352","32,8105","104,8396","9,4947","17,60875","23,24123","0,8147","110,7791","55,714","64,715"
1987M12: Dec-1987,"8,99","43,06132","32,89656","101,9206","9,3506","17,64846","23,36018","0,7914","111,4247","55,874","64,892"
1988M1: Jan-1988,"8,67","43,40572","33,14077","101,297","9,2041","17,71801","23,45495","0,8001","110,7869","56,032","65,07"
1988M2: Feb-1988,"8,21","43,49182","33,40708","101,9537","8,9186","17,80844","23,56951","0,822","109,2752","56,189","65,249"
1988M3: Mar-1988,"8,37","43,72716","33,64315","100,6276","8,8357","17,93137","23,7169","0,8109","108,5961","56,345","65,429"
1988M4: Apr-1988,"8,72","44,08878","33,8769","99,64642","8,823","18,09336","23,91039","0,8057","107,401","56,5","65,61"
1988M5: May-1988,"9,09","44,29542","34,05599","99,84335","8,9674","18,23813","24,11994","0,8131","106,4621","56,653","65,791"
1988M6: Jun-1988,"8,92","44,67426","34,19786","101,2008","8,8584","18,3555","24,26523","0,8425","105,1955","56,804","65,973"
1988M7: Jul-1988,"9,06","44,8522","34,3002","103,8836","8,9715","18,50875","24,41335","0,8863","103,2332","56,955","66,156"
1988M8: Aug-1988,"9,26","44,96125","34,35835","104,9206","9,087","18,66992","24,62417","0,9059","101,6042","57,104","66,338"
1988M9: Sep-1988,"8,98","44,98421","34,41533","105,1301","9,0438","18,7264","24,80433","0,9003","102,2941","57,251","66,521"
1988M10: Oct-1988,"8,8","44,96125","34,51302","102,9472","8,9263","18,82295","24,98741","0,8796","102,6324","57,397","66,704"
1988M11: Nov-1988,"8,96","45,05309","34,68629","100,2595","8,93","18,96701","25,18068","0,8445","103,9248","57,541","66,887"
1988M12: Dec-1988,"9,11","45,15641","34,77816","99,95941","9,0858","19,01586","25,30193","0,844","103,9053","57,683","67,069"
1989M1: Jan-1989,"9,09","45,09901","34,8177","101,6199","9,1623","19,10112","25,44251","0,8805","102,2064","57,824","67,251"
1989M2: Feb-1989,"9,17","44,98996","34,82235","101,923","9,4056","19,22273","25,63517","0,8889","101,6838","57,964","67,433"
1989M3: Mar-1989,"9,36","44,94403","34,9119","102,8599","9,6448","19,39491","25,88095","0,8967","102,0967","58,102","67,614"
1989M4: Apr-1989,"9,18","44,72592","34,98399","102,988","9,596","19,46752","26,07859","0,8992","102,2967","58,238","67,794"
1989M5: May-1989,"8,86","44,48484","35,04912","104,8853","9,6817","19,5009","26,24479","0,9375","100,3843","58,373","67,973"
1989M6: Jun-1989,"8,28","44,39874","35,23867","106,6648","9,6037","19,71399","26,51274","0,9554","100,4356","58,506","68,152"
1989M7: Jul-1989,"8,02","44,64556","35,52359","104,8455","9,5854","19,91625","26,78574","0,914","103,0716","58,637","68,329"
1989M8: Aug-1989,"8,11","44,7374","35,77943","104,9753","9,5375","20,04554","26,99125","0,9278","102,2958","58,768","68,505"
1989M9: Sep-1989,"8,19","44,82924","35,98992","105,8205","9,6914","20,1346","27,15596","0,9411","101,6457","58,896","68,68"
1989M10: Oct-1989,"8,01","45,15067","36,24111","104,2059","9,8685","20,22749","27,31565","0,9072","104,0174","59,024","68,854"
1989M11: Nov-1989,"7,87","45,2253","36,4609","104,5649","10,1543","20,33711","27,49167","0,8939","106,2656","59,149","69,026"
1989M12: Dec-1989,"7,84","45,51229","36,68301","103,7165","10,2373","20,4847","27,72521","0,8565","110,4236","59,274","69,196"
1990M1: Jan-1990,"8,21","45,65579","36,84698","103,5918","10,4502","20,71968","28,02788","0,8319","111,916","59,398","69,365"
1990M2: Feb-1990,"8,47","45,81077","36,99119","103,7581","10,9205","20,84851","28,2723","0,8208","112,2805","59,52","69,531"
1990M3: Mar-1990,"8,59","46,00593","37,11678","105,2618","11,0549","20,82001","28,38644","0,8351","112,3045","59,641","69,696"
1990M4: Apr-1990,"8,79","46,26997","37,25052","105,3768","10,8743","20,82353","28,48952","0,8251","113,5065","59,761","69,859"
1990M5: May-1990,"8,76","46,16091","37,23772","103,9395","10,7959","20,89407","28,62266","0,8114","112,9708","59,881","70,02"
1990M6: Jun-1990,"8,48","46,42495","37,38774","104,6383","10,7063","21,34001","29,32817","0,8177","111,4095",60,"70,178"
1990M7: Jul-1990,"8,47","46,49957","37,51101","102,8209","10,5673","21,79539","30,05213","0,7927","112,112","60,118","70,335"
1990M8: Aug-1990,"8,75","46,82101","37,71568","101,5184","10,9569","21,93578","30,24202","0,7599","113,5803","60,235","70,489"
1990M9: Sep-1990,"8,89","47,07931","37,86221","100,1018","11,1356","22,08444","30,46632","0,7617","112,055","60,353","70,641"
1990M10: Oct-1990,"8,72","47,06209","37,91571","97,80394","11,079","22,15648","30,688","0,7398","112,6271","60,47","70,791"
1990M11: Nov-1990,"8,39","47,18837","37,95292","97,60418","10,9892","22,20284","30,88955","0,724","114,4488","60,587","70,938"
1990M12: Dec-1990,"8,08","47,3376","38,05875","98,76656","10,8649","22,51609","31,11333","0,732","115,2517","60,704","71,082"
1991M1: Jan-1991,"8,09","47,48111","38,24132","98,4452","10,8449","22,7826","31,33159","0,7367","113,9845","60,821","71,225"
1991M2: Feb-1991,"7,85","47,79107","38,43204","97,10296","10,4413","22,86216","31,54994","0,7226","115,0421","60,938","71,365"
1991M3: Mar-1991,"8,11","48,1412","38,63439","100,1894","10,3725","22,88901","31,71332","0,7818","111,073","61,056","71,503"
1991M4: Apr-1991,"8,04","48,39376","38,75417","101,247","10,1174","22,8839","31,83478","0,8267","106,3943","61,174","71,638"
1991M5: May-1991,"8,07","48,72094","38,87744","101,6196","9,9855","23,00238","32,00706","0,8339","106,0629","61,293","71,771"
1991M6: Jun-1991,"8,28","49,1744","38,98094","103,0838","10,0527","23,10437","32,19338","0,8687","104,5135","61,413","71,901"
1991M7: Jul-1991,"8,27","49,45566","39,02629","102,7618","10,2246","23,21886","32,40536","0,8707","105,1509","61,534","72,029"
1991M8: Aug-1991,"7,9","49,75414","39,01234","101,7911","10,2017","23,34306","32,65904","0,8503","106,2868","61,656","72,154"
1991M9: Sep-1991,"7,65","49,9206","39,01117","100,7178","10,0021","23,36367","32,87087","0,8281","107,3179","61,779","72,278"
1991M10: Oct-1991,"7,53","50,39701","39,06932","99,63007","9,8719","23,38748","33,06938","0,8255","107,8014","61,903","72,399"
1991M11: Nov-1991,"7,42","50,94805","39,13211","98,29745","9,9183","23,48775","33,30772","0,795","110,0089","62,028","72,518"
1991M12: Dec-1991,"7,09","51,48761","39,20887","97,58321","9,8923","23,58284","33,53319","0,7681","112,0387","62,154","72,634"
1992M1: Jan-1992,"7,03","52,25677","39,31004","97,0878","9,6114","23,60006","33,686","0,7706","111,6027","62,282","72,749"
1992M2: Feb-1992,"7,34","53,10629","39,52751","98,43737","9,547","23,57351","33,80833","0,792","110,5357","62,412","72,862"
1992M3: Mar-1992,"7,54","53,76638","39,57286","100,447","9,5812","23,65808","34,0127","0,8127","110,0042","62,542","72,973"
1992M4: Apr-1992,"7,48","54,17392","39,52402","99,81447","9,6231","23,85728","34,31028","0,8049","110,2543","62,675","73,083"
1992M5: May-1992,"7,39","54,56424","39,51006","98,7609","9,5797","24,00579","34,61719","0,7886","110,8283","62,809","73,19"
1992M6: Jun-1992,"7,26","54,77662","39,44959","97,49876","9,8254","23,98402","34,84192","0,7679","111,8767","62,944","73,297"
1992M7: Jul-1992,"6,84","55,29322","39,45308","96,14689","10,0331","23,95599","35,04147","0,7298","115,6906","63,082","73,402"
1992M8: Aug-1992,"6,59","55,89017","39,51006","95,91381","10,1014","24,03075","35,23714","0,7135","117,7948","63,221","73,505"
1992M9: Sep-1992,"6,42","56,71099","39,6438","95,93895","10,0219","24,20538","35,56656","0,722","116,752","63,361","73,608"
1992M10: Oct-1992,"6,59","57,61217","39,79963","97,62634","10,2245","24,36573","35,83134","0,7552","114,9923","63,504","73,71"
1992M11: Nov-1992,"6,87","58,30096","39,8287","100,552","9,8813","24,54922","35,99236","0,8072","112,7943","63,648","73,811"
1992M12: Dec-1992,"6,77","58,82904","39,80777","100,7651","9,9328","24,69843","36,14934","0,8072","112,8622","63,794","73,911"
1993M1: Jan-1993,"6,6","59,14474","39,74032","101,6002","9,7027","24,64683","36,24667","0,825","111,4934","63,942","74,011"
1993M2: Feb-1993,"6,26","59,32268","39,6845","101,4393","9,403","24,61378","36,41997","0,8453","110,7862","64,092","74,111"
1993M3: Mar-1993,"5,98","59,60394","39,6531","100,6438","9,1458","24,74921","36,75853","0,8484","109,161","64,243","74,212"
1993M4: Apr-1993,"5,97","60,13202","39,64845","98,68254","9,1559","24,8634","37,036","0,8201","109,6241","64,397","74,313"
1993M5: May-1993,"6,04","61,18243","39,94616","98,33102","9,0423","24,93035","37,18263","0,8212","109,1824","64,553","74,415"
1993M6: Jun-1993,"5,96","61,71051","40,01012","98,39067","8,7796","25,08192","37,34779","0,8443","106,9348","64,71","74,517"
1993M7: Jul-1993,"5,81","62,25581","40,0043","99,32957","8,4018","25,19451","37,44031","0,8784","103,9157","64,87","74,619"
1993M8: Aug-1993,"5,68","62,80685","40,04617","98,89783","7,9197","25,28798","37,57092","0,8824","102,6157","65,031","74,722"
1993M9: Sep-1993,"5,36","63,38085","40,12176","98,35475","7,612","25,42262","37,72729","0,8482","105,114","65,195","74,825"
1993M10: Oct-1993,"5,33","63,8917","40,17292","99,15284","7,3615","25,6474","37,92058","0,8593","104,2972","65,361","74,929"
1993M11: Nov-1993,"5,72","64,5231","40,32992","99,98069","7,3806","25,97735","38,16496","0,8858","101,9481","65,529","75,034"
1993M12: Dec-1993,"5,77","64,8388","40,38109","100,0115","7,1853","26,21686","38,41582","0,8858","101,1158","65,698","75,14"
1994M1: Jan-1994,"5,75","64,9536","40,38109","101,767","6,69","26,44835","38,61841","0,8975","101,6453","65,87","75,247"
1994M2: Feb-1994,"5,97","65,22338","40,39039","100,9672","6,88","26,70783","38,72814","0,8948","101,8556","66,044","75,355"
1994M3: Mar-1994,"6,48","65,4415","40,44156","101,1045","7,35","26,98522","38,87897","0,876","103,4847","66,22","75,464"
1994M4: Apr-1994,"6,97","65,4989","40,45551","100,8523","7,46","27,12339","39,01307","0,8773","103,7009","66,398","75,574"
1994M5: May-1994,"7,18","65,62518","40,56483","100,0877","7,75","27,02572","39,03814","0,8586","105,0477","66,578","75,685"
1994M6: Jun-1994,"7,1","65,73424","40,43109","99,77945","8,37","27,07815","39,10324","0,8457","105,4721","66,76","75,798"
1994M7: Jul-1994,"7,3","66,04993","40,52994","98,31962","8,39","27,19793","39,23614","0,8185","107,5883","66,944","75,912"
1994M8: Aug-1994,"7,24","66,0442","40,49854","98,14103","8,68","27,28872","39,30378","0,818","107,3963","67,13","76,027"
1994M9: Sep-1994,"7,46","66,11882","40,50087","97,04507","9,12","27,3755","39,29237","0,81","106,9924","67,318","76,144"
1994M10: Oct-1994,"7,74","66,02124","40,47877","96,29136","9,16","27,45719","39,36381","0,7932","107,6808","67,509","76,262"
1994M11: Nov-1994,"7,96","66,06142","40,5125","96,60234","9,12","27,48839","39,47972","0,8044","106,2707","67,701","76,382"
1994M12: Dec-1994,"7,81","66,04993","40,50087","98,96759","9,14","27,45483","39,49423","0,8228","104,8633","67,895","76,503"
1995M1: Jan-1995,"7,78","66,09012","40,56483","100,8715","9,34","27,41519","39,51147","0,8034","106,3269","68,091","76,626"
1995M2: Feb-1995,"7,47","65,86052","40,53226","100,052","9,19","27,48183","39,66281","0,79456","107,232","68,29","76,75"
1995M3: Mar-1995,"7,2","65,82034","40,54739","98,64883","9,43","27,59105","39,7721","0,7595869","108,7796","68,49","76,876"
1995M4: Apr-1995,"7,06","65,96958","40,64042","94,54472","9,26","27,58627","39,81467","0,745621","108,3894","68,693","77,003"
1995M5: May-1995,"6,63","65,73998","40,92766","94,20141","8,78","27,67765","39,97634","0,7560428","107,7615","68,897","77,133"
1995M6: Jun-1995,"6,17","65,67684","41,2149","94,17101","8,75","27,80535","40,20232","0,752215","108,0729","69,104","77,263"
1995M7: Jul-1995,"6,28","65,75146","41,42771","94,22578","8,71","27,88473","40,35951","0,743438","109,8164","69,313","77,396"
1995M8: Aug-1995,"6,49","65,74572","41,67774","96,60868","8,47","27,9815","40,53615","0,7702682","108,7558","69,524","77,53"
1995M9: Sep-1995,"6,2","65,55056","41,83008","97,85604","8,36","28,17624","40,77851","0,7760143","107,8237","69,737","77,666"
1995M10: Oct-1995,"6,04","65,28078","41,95916","97,82256","8,48","28,29313","40,97059","0,7563773","109,0746","69,952","77,803"
1995M11: Nov-1995,"5,93","65,0971","42,03592","98,91129","8,16","28,35829","41,16922","0,7553428","109,8282","70,169","77,942"
1995M12: Dec-1995,"5,71","64,71826","42,14872","99,14202","7,82","28,7769","41,48389","0,7665889","109,2282","70,388","78,084"
1996M1: Jan-1996,"5,65","64,48866","42,36037","99,98576","7,44","29,01547","41,75314","0,7742454","108,6763","70,61","78,226"
1996M2: Feb-1996,"5,81","64,20167","42,52318","99,9505","7,66","28,93716","41,91602","0,7760667","108,5819","70,833","78,371"
1996M3: Mar-1996,"6,27","64,437","42,81507","99,9982","7,83","29,01259","42,07773","0,7804286","108,1242","71,058","78,518"
1996M4: Apr-1996,"6,51","64,56329","42,93601","99,92218","7,62","29,1908","42,20605","0,7907333","107,0059","71,285","78,667"
1996M5: May-1996,"6,74","64,08687","43,0651","99,94981","7,48","29,37977","42,30145","0,8022684","105,8882","71,515","78,818"
1996M6: Jun-1996,"6,91","64,01225","43,21976","100,3785","7,51","29,5125","42,38939","0,797715","106,2284","71,746","78,971"
1996M7: Jul-1996,"6,87","63,85152","43,39304","100,5475","7,39","29,64649","42,51934","0,7873957","107,6025","71,978","79,125"
1996M8: Aug-1996,"6,64","63,23161","43,47328","99,77734","7,31","29,86654","42,70502","0,7792682","107,9935","72,213","79,282"
1996M9: Sep-1996,"6,83","62,92165","43,5698","100,2563","7,13","30,13629","42,91938","0,7886952","106,8186","72,449","79,44"
1996M10: Oct-1996,"6,53","62,31895","43,74308","100,9104","6,68","30,41584","43,06067","0,7943261","105,7885","72,687","79,6"
1996M11: Nov-1996,"6,2","62,19267","43,97217","100,5618","6,43","30,70758","43,12324","0,7826524","105,7078","72,927","79,762"
1996M12: Dec-1996,"6,3","62,06639","44,21871","101,2046","6,31","31,14839","43,27517","0,799685","104,3137","73,168","79,926"
1997M1: Jan-1997,"6,58","62,06065","44,39082","102,0505","6,23","31,39459","43,40713","0,8221709","102,2532","73,41","80,091"
1997M2: Feb-1997,"6,42","61,92289","44,52688","103,815","6,06","31,42648","43,49202","0,85744","99,1226","73,654","80,259"
1997M3: Mar-1997,"6,69","61,56128","44,70364","104,7098","6,32","31,51387","43,60454","0,8697714","98,43874","73,899","80,428"
1997M4: Apr-1997,"6,89","61,06763","44,88739","104,9614","6,39","31,51131","43,67934","0,8735809","97,49738","74,145","80,599"
1997M5: May-1997,"6,71","61,0619","45,0188","103,5366","6,18","31,72271","43,8773","0,870735","97,51753","74,393","80,771"
1997M6: Jun-1997,"6,49","61,19392","45,21416","103,2424","6,09","32,12774","44,17035","0,8796619","96,09834","74,641","80,946"
1997M7: Jul-1997,"6,22","61,15948","45,42117","104,4047","5,83","32,44637","44,43053","0,9053565","93,95786","74,89","81,122"
1997M8: Aug-1997,"6,3","61,72199","45,81423","106,0751","5,94","32,67802","44,56302","0,932475","92,97246","75,14","81,299"
1997M9: Sep-1997,"6,21","61,23983","45,99448","106,1943","5,66","32,87112","44,65368","0,9095","95,43198","75,391","81,478"
1997M10: Oct-1997,"6,03","61,16521","46,2166","106,883","5,75","33,19034","44,85442","0,8903652","96,85418","75,643","81,658"
1997M11: Nov-1997,"5,88","61,46943","46,48407","108,7063","5,59","33,43669","45,04948","0,8777579","98,31068","75,895","81,839"
1997M12: Dec-1997,"5,81","61,54979","46,69223","112,0085","5,46","33,60683","45,24266","0,89975","98,74464","76,148","82,022"
1998M1: Jan-1998,"5,54","61,64737","46,96087","114,8625","5,22","33,84356","45,4747","0,9191667","98,44102","76,4","82,206"
1998M2: Feb-1998,"5,57","61,86549","47,33649","113,2185","5,12","34,07326","45,663","0,91875","97,35068","76,654","82,391"
1998M3: Mar-1998,"5,65","61,81384","47,63536","112,7057","5,01","34,4237","45,80323","0,9222546","96,15704","76,907","82,577"
1998M4: Apr-1998,"5,64","61,79087","47,93423","112,4216",5,"34,8334","46,045","0,91654","96,17126","77,16","82,764"
1998M5: May-1998,"5,65","61,94011","48,20984","113,2517","5,06","35,12966","46,29163","0,901815","98,90984","77,414","82,953"
1998M6: Jun-1998,"5,5","61,77939","48,44009","115,868","4,91","35,47575","46,49594","0,9118","99,44478","77,667","83,142"
1998M7: Jul-1998,"5,46","61,71051","48,66337","116,3276","4,82","35,65886","46,73655","0,9148043","99,51512","77,92","83,332"
1998M8: Aug-1998,"5,34","61,75644","48,95294","118,2468","4,59","35,69506","46,8985","0,9078238","100,655","78,173","83,522"
1998M9: Sep-1998,"4,81","61,98603","49,3995","116,4513","4,27","35,87796","46,95522","0,8668","104,8407","78,425","83,714"
1998M10: Oct-1998,"4,53","62,33617","49,85536","113,1002","4,25","36,10752","47,16773","0,8383182","106,5338","78,676","83,906"
1998M11: Nov-1998,"4,83","62,84703","50,30192","112,6113","4,24","36,48497","47,41234","0,8584095","104,0354","78,927","84,098"
1998M12: Dec-1998,"4,65","62,85277","50,63684","111,6471","3,95","37,03147","47,51036","0,8529909","104,9422","79,177","84,291"
1999M1: Jan-1999,"4,72","63,03071","50,95083","111,5825","3,822","38,16168","47,69253","0,861526","104,2266","79,426","84,484"
1999M2: Feb-1999,5,"62,95035","51,2183","112,9281","3,9742","38,75298","47,75952","0,8923798","102,6787","79,674","84,678"
1999M3: Mar-1999,"5,23","62,94461","51,30203","114,3283","4,181","38,74343","47,78746","0,9186894","100,9565","79,921","84,872"
1999M4: Apr-1999,"5,18","63,23161","51,62416","113,9711","4,0407","39,09603","48,04183","0,9343411","99,40421","80,167","85,066"
1999M5: May-1999,"5,54","63,35789","51,9021","113,8246","4,2049","39,42291","48,31961","0,9409124","98,65028","80,411","85,26"
1999M6: Jun-1999,"5,9","63,12829","52,15445","114,5283","4,5267","39,83796","48,59232","0,9636387","96,83829","80,654","85,454"
1999M7: Jul-1999,"5,79","63,08811","52,46727","114,9521","4,8562","40,32714","48,91926","0,9662252","96,93804","80,895","85,647"
1999M8: Aug-1999,"5,94","63,09385","52,67078","113,6224","5,0606","40,55007","49,11249","0,9435675","98,06739","81,135","85,841"
1999M9: Sep-1999,"5,92","62,93887","52,8522","112,941","5,2353","40,58105","49,27138","0,9509797","96,74655","81,374","86,033"
1999M10: Oct-1999,"6,11","63,32919","53,12548","112,384","5,4716","40,78639","49,50374","0,9339609","97,57622","81,61","86,226"
1999M11: Nov-1999,"6,03","63,75394","53,34411","112,751","5,1842","41,06907","49,7685","0,968291","95,23081","81,845","86,417"
1999M12: Dec-1999,"6,28","64,41405","53,6674","112,5561","5,3044","41,32913","50,03405","0,9882431","93,51405","82,078","86,608"
2000M1: Jan-2000,"6,66","64,40257","53,99883","112,4374","5,6985","42,15232","50,41408","0,9865997","93,32931","82,31","86,798"
2000M2: Feb-2000,"6,52","63,59323","54,15117","114,0262","5,6636","42,8634","50,80431","1,015831","91,80665","82,539","86,987"
2000M3: Mar-2000,"6,26","63,55879","54,51051","114,7921","5,4906","43,01645","51,06617","1,036269","90,34762","82,766","87,175"
2000M4: Apr-2000,"5,99","63,97781","55,13151","115,3146","5,4138","43,37205","51,4136","1,057507","88,82787","82,992","87,361"
2000M5: May-2000,"6,44","63,48417","55,0222","117,8427","5,5155","43,40436","51,57038","1,101908","87,3663","83,215","87,547"
2000M6: Jun-2000,"6,1","63,35215","55,22222","117,1622","5,3454","43,16948","51,48631","1,052984","90,45017","83,437","87,731"
2000M7: Jul-2000,"6,05","63,40955","55,43038","117,4687","5,4537","43,24804","51,54309","1,065411","89,78919","83,657","87,914"
2000M8: Aug-2000,"5,83","63,16847","55,756","118,0377","5,3982","43,48349","51,78014","1,105938","87,34814","83,875","88,095"
2000M9: Sep-2000,"5,8","63,10533","56,16999","119,3636","5,4672","43,5091","51,91742","1,148397","85,36619","84,091","88,274"
2000M10: Oct-2000,"5,74","63,05367","56,36071","121,0965","5,4163","43,49256","52,00187","1,171642","84,14066","84,305","88,452"
2000M11: Nov-2000,"5,72","62,69779","56,48631","121,6856","5,3357","43,52362","52,12353","1,167818","84,89811","84,518","88,628"
2000M12: Dec-2000,"5,24","62,43949","57,00032","120,3047","5,068","43,56822","52,18888","1,110847","88,18299","84,729","88,803"
2001M1: Jan-2001,"5,16","62,92739","57,57945","120,9029","5,0082","44,41388","53,12569","1,06511","91,11568","84,938","88,976"
2001M2: Feb-2001,"5,1","63,16847","58,0202","121,8311","5,0211","45,29243","54,16307","1,085381","90,37527","85,146","89,147"
2001M3: Mar-2001,"4,89","63,62767","58,68073","123,7665","4,9381","45,40387","54,45044","1,101014","90,3895","85,353","89,316"
2001M4: Apr-2001,"5,14","64,01225","59,37034","124,5847","5,1014","45,60664","54,77534","1,118875","90,01994","85,559","89,483"
2001M5: May-2001,"5,39","64,2935","59,39709","124,5353","5,2625","45,98047","55,1043","1,143492","88,09526","85,763","89,649"
2001M6: Jun-2001,"5,28","64,74696","59,86691","125,4196","5,2083","46,35181","55,52971","1,170882","86,87493","85,967","89,813"
2001M7: Jul-2001,"5,24","65,46446","60,20996","125,7864","5,25","46,5261","55,92156","1,160933","88,04111","86,169","89,976"
2001M8: Aug-2001,"4,97","66,04993","60,59721","123,6883","5,0582","46,6579","56,22379","1,108594","90,75011","86,371","90,137"
2001M9: Sep-2001,"4,73","69,16675","61,88573","124,1286","5,0374","47,01575","56,66043","1,095831","91,34245","86,573","90,296"
2001M10: Oct-2001,"4,57","66,88798","61,72292","124,4947","4,8169","47,33239","57,11974","1,103849","91,2468","86,774","90,454"
2001M11: Nov-2001,"4,65","67,19219","62,22181","124,9939","4,6667","47,62447","57,51203","1,125723","89,57126","86,974","90,61"
2001M12: Dec-2001,"5,09","67,86377","62,83467","124,5426","4,9588","47,84723","57,88586","1,11989","90,30222","87,175","90,766"
2002M1: Jan-2002,"5,04","68,30001","63,06957","126,0904","5,0229","48,17636","58,21138","1,132911","89,84333","87,375","90,92"
2002M2: Feb-2002,"4,91","68,28853","63,4138","126,7164","5,0661","48,46284","58,39137","1,148526","89,07432","87,575","91,072"
2002M3: Mar-2002,"5,28","68,44925","63,53939","126,2853","5,3165","48,37519","58,5301","1,140762","89,36398","87,775","91,224"
2002M4: Apr-2002,"5,21","68,00727","63,47543","126,0444","5,2972","48,6432","58,78169","1,127686","89,56892","87,975","91,374"
2002M5: May-2002,"5,16","68,38611","63,86268","124,3611","5,3031","49,19014","59,12354","1,08912","91,66044","88,175","91,524"
2002M6: Jun-2002,"4,93","68,62719","64,15574","123,0173","5,1649","49,53543","59,42101","1,04543","94,42291","88,376","91,672"
2002M7: Jul-2002,"4,65","68,9314","64,6337","121,4093","5,0274","49,878","59,68629","1,008349","96,27549","88,577","91,82"
2002M8: Aug-2002,"4,26","68,16799","65,11049","122,8589","4,7311","50,26232","60,05489","1,022467","95,81012","88,778","91,968"
2002M9: Sep-2002,"3,87","68,62144","65,39541","123,5508","4,5233","50,76176","60,54839","1,018931","96,00076","88,98","92,114"
2002M10: Oct-2002,"3,94","69,07491","65,90476","124,4167","4,6235","51,2795","60,97776","1,018558","96,40697","89,182","92,261"
2002M11: Nov-2002,"4,05","69,41357","66,48041","122,9139","4,5924","51,79349","61,37078","0,9983914","96,87289","89,384","92,406"
2002M12: Dec-2002,"4,03","69,98183","66,72346","121,8658","4,4065","52,3678","61,79863","0,9816506","98,11357","89,587","92,552"
2003M1: Jan-2003,"4,05","70,38936","67,09443","120,2986","4,2703","52,77489","62,20312","0,9404094","100,4001","89,791","92,697"
2003M2: Feb-2003,"3,9","71,00928","67,5154","120,8093","4,0608","53,17234","62,68793","0,9275954","101,8107","89,995","92,843"
2003M3: Mar-2003,"3,81","71,0839","67,74566","120,6781","4,1272","53,68859","63,09526","0,9265309","102,377","90,199","92,988"
2003M4: Apr-2003,"3,96","71,61198","68,10616","119,2159","4,2289","54,24943","63,6423","0,9199372","102,4808","90,404","93,133"
2003M5: May-2003,"3,57","72,94365","68,92369","115,1497","3,9187","54,7416","64,13914","0,864284","106,0856","90,609","93,279"
2003M6: Jun-2003,"3,33","73,67263","69,37374","115,0501","3,7233","55,04989","64,3184","0,8568761","106,8321","90,815","93,424"
2003M7: Jul-2003,"3,98","73,98259","69,89589","116,3347","4,0626","55,35455","64,61716","0,8796626","105,2834","91,02","93,57"
2003M8: Aug-2003,"4,45","74,42457","70,55526","117,9124","4,2047","55,88436","64,95182","0,8969281","104,2052","91,226","93,716"
2003M9: Sep-2003,"4,27","74,39587","70,22732","116,6322","4,2319","56,38663","65,08131","0,8885195","104,1534","91,432","93,863"
2003M10: Oct-2003,"4,29","74,44179","70,11568","114,0463","4,3081","56,84511","65,36388","0,8546855","105,8498","91,638","94,01"
2003M11: Nov-2003,"4,3","74,53937","70,17266","113,2878","4,4378","57,2831","65,77821","0,8534179","105,8571","91,844","94,157"
2003M12: Dec-2003,"4,27","74,91821","70,14941","111,3962","4,356","57,60522","66,00917","0,813112","109,0049","92,049","94,304"
2004M1: Jan-2004,"4,15","74,91247","70,2436","109,7847","4,2567","58,05386","66,17213","0,7927523","109,5372","92,254","94,452"
2004M2: Feb-2004,"4,08","75,80216","70,70877","110,564","4,1833","58,51376","66,45982","0,7914268","109,3984","92,459","94,601"
2004M3: Mar-2004,"3,83","76,21544","71,11928","111,9901","4,0194","59,12178","66,84372","0,8155332","107,3426","92,662","94,749"
2004M4: Apr-2004,"4,35","76,35894","71,51932","112,8606","4,2424","59,6678","67,13915","0,8335187","105,5823","92,865","94,899"
2004M5: May-2004,"4,72","76,63446","72,53339","115,1406","4,3862","59,81197","67,29878","0,8324215","106,7866","93,067","95,048"
2004M6: Jun-2004,"4,73","77,17402","72,58339","114,3961","4,4426","60,04083","67,60285","0,8231778","106,8144","93,268","95,198"
2004M7: Jul-2004,"4,5","76,99608","72,71014","113,3543","4,3396","60,51017","68,06352","0,81545","107,1095","93,468","95,348"
2004M8: Aug-2004,"4,28","77,72505","72,99622","113,311","4,1679","60,94218","68,40741","0,8202851","107,0756","93,667","95,498"
2004M9: Sep-2004,"4,13","78,14407","73,39743","112,7124","4,114","61,45819","68,75883","0,8178968","107,126","93,864","95,648"
2004M10: Oct-2004,"4,1","78,13259","73,71839","111,3387","3,9794","62,01558","69,19669","0,8010767","107,8978","94,059","95,799"
2004M11: Nov-2004,"4,19","78,87879","74,03238","108,3399","3,8687","62,50882","69,58225","0,7693685","109,4101","94,253","95,949"
2004M12: Dec-2004,"4,23","78,95341","74,25333","106,5461","3,6893","62,68905","69,99712","0,7454376","110,8793","94,444","96,1"
2005M1: Jan-2005,"4,22","78,4483","74,31148","107,4282","3,6336","63,26234","70,48035","0,7628097","108,5232","94,634","96,25"
2005M2: Feb-2005,"4,17","78,69511","74,42312","107,6647","3,6153","64,20405","70,88609","0,7676513","107,6484","94,821","96,4"
2005M3: Mar-2005,"4,5","78,66641","74,53709","107,4933","3,7625","64,67233","71,19494","0,7588134","108,5314","95,006","96,55"
2005M4: Apr-2005,"4,34","77,86282","74,61732","109,0053","3,5709","65,01755","71,55363","0,7726796","107,4476","95,188","96,699"
2005M5: May-2005,"4,14","78,4483","74,91503","109,2879","3,4074","65,50679","72,06967","0,7885121","106,2261","95,368","96,848"
2005M6: Jun-2005,4,"79,25763","75,31973","110,5895","3,2541","68,02663","72,77119","0,8225777","103,5826","95,545","96,996"
2005M7: Jul-2005,"4,18","78,54013","75,65813","111,3575","3,316","70,69955","73,54331","0,8299361","103,8084","95,719","97,143"
2005M8: Aug-2005,"4,26","79,03377","75,98259","110,1844","3,3155","71,40372","74,09344","0,8133932","104,2919","95,89","97,289"
2005M9: Sep-2005,"4,2","79,04525","76,39775","110,8974","3,1555","71,79543","74,56442","0,8166935","103,4548","96,057","97,434"
2005M10: Oct-2005,"4,46","78,95341","76,79663","112,118","3,3234","72,30891","75,0032","0,8312797","102,9282","96,222","97,578"
2005M11: Nov-2005,"4,54","79,02229","77,01875","112,0549","3,5273","72,8411","75,34705","0,8479041","101,9354","96,382","97,721"
2005M12: Dec-2005,"4,47","78,91323","77,3432","110,6997","3,409","73,39732","75,83533","0,8431824","102,1455","96,54","97,862"
2006M1: Jan-2006,"4,42","79,21171","77,80721","109,6101","3,3927","74,01976","76,35033","0,8252306","102,198","96,693","98,001"
2006M2: Feb-2006,"4,57","79,16579","78,11887","109,8996","3,551","74,55452","76,84019","0,8375599","101,0981","96,843","98,138"
2006M3: Mar-2006,"4,72","79,42983","78,31307","110,5688","3,7312","75,01208","77,37971","0,8311872","102,0312","96,989","98,273"
2006M4: Apr-2006,"4,99","79,20023","78,62823","110,3302","4,0116","75,59725","78,08279","0,8141954","103,0427","97,131","98,406"
2006M5: May-2006,"5,11","79,62498","78,80964","108,424","4,0603","76,28448","78,74844","0,7829057","104,6355","97,269","98,536"
2006M6: Jun-2006,"5,11","78,87305","79,25969","110,1875","4,0751","76,62659","79,14606","0,789752","105,3372","97,403","98,664"
2006M7: Jul-2006,"5,09","78,67215","79,71323","110,0462","4,0963","76,63962","79,45547","0,7878321","105,3432","97,533","98,788"
2006M8: Aug-2006,"4,88","78,66068","79,97837","109,2147","3,9682","76,73503","79,97987","0,7806007","105,1314","97,659","98,91"
2006M9: Sep-2006,"4,72","78,2187","80,33771","108,8844","3,8398","77,09372","80,84367","0,7853484","104,7529","97,78","99,028"
2006M10: Oct-2006,"4,73","78,58605","80,90987","108,585","3,8813","77,34563","81,48883","0,7922798","104,0179","97,898","99,143"
2006M11: Nov-2006,"4,6","78,77547","81,37503","107,3682","3,8041","77,67513","81,95372","0,7758054","104,5571","98,011","99,254"
2006M12: Dec-2006,"4,56","78,54013","81,90067","106,2445","3,9026","78,83781","82,80513","0,7576693","105,4555","98,12","99,362"
2007M1: Jan-2007,"4,76","78,80991","82,28909","107,4593","4,1028","79,67966","83,81697","0,769205","104,3613","98,225","99,465"
2007M2: Feb-2007,"4,72","78,32775","82,51353","107,2905","4,1175","79,91231","84,55618","0,7641653","104,4705","98,326","99,565"
2007M3: Mar-2007,"4,56","78,51143","82,94613","107,4192","4,0227","80,47099","85,46763","0,7547579","105,2947","98,423","99,66"
2007M4: Apr-2007,"4,69","79,02229","83,63457","106,3549","4,2459","80,77251","86,25731","0,7401965","106,0611","98,516","99,751"
2007M5: May-2007,"4,75","79,20597","83,91019","105,9103","4,3731","81,06412","86,92712","0,7401587","105,6798","98,605","99,838"
2007M6: Jun-2007,"5,1","78,35072","84,29511","105,7859","4,6608","81,56097","87,7825","0,7450341","105,0427","98,69","99,92"
2007M7: Jul-2007,5,"78,5631","84,62771","104,1277","4,6284","82,04983","88,62873","0,728968","105,4989","98,771","99,998"
2007M8: Aug-2007,"4,67","78,83287","85,39523","104,2075","4,4263","82,19403","89,36437","0,7341982","105,3321","98,848","100,071"
2007M9: Sep-2007,"4,52","78,82713","85,69294","102,7499","4,3694","82,31574","90,00623","0,7188495","106,1192","98,922","100,139"
2007M10: Oct-2007,"4,53","79,08543","85,85226","100,4472","4,4002","82,54005","91,10432","0,7027786","106,4218","98,993","100,204"
2007M11: Nov-2007,"4,15","78,87879","86,2337","99,17865","4,2515","82,7205","92,21891","0,6807399","108,0537","99,06","100,263"
2007M12: Dec-2007,"4,1","79,01655","86,62327","99,58272","4,3818","82,8514","92,8278","0,6867732","107,8157","99,125","100,318"
2008M1: Jan-2008,"3,74","79,17727","86,95238","99,18239","4,2317","82,91959","93,81925","0,6796662","107,6802","99,186","100,369"
2008M2: Feb-2008,"3,74","79,36095","87,98272","97,95129","4,1394","82,95627","94,83022","0,6786292","106,8904","99,245","100,415"
2008M3: Mar-2008,"3,51","79,81441","88,79327","96,39633","4,0705","83,04249","95,21749","0,6440976","110,242","99,301","100,457"
2008M4: Apr-2008,"3,68","79,757","89,0933","96,15542","4,2827","83,019","95,7741","0,635093","110,8518","99,355","100,495"
2008M5: May-2008,"3,88","79,90051","89,36427","96,77317","4,4233","82,94909","96,50703","0,6425455","110,0823","99,407","100,529"
2008M6: Jun-2008,"4,1","80,34823","89,55614","97,53143","4,8093","83,16149","97,02916","0,6429048","109,661","99,457","100,559"
2008M7: Jul-2008,"4,01","81,38142","90,07945","96,95644","4,8145","82,85736","97,56686","0,6346087","109,5483","99,506","100,586"
2008M8: Aug-2008,"3,89","80,5893","90,11551","98,94031","4,496","82,46834","98,10346","0,669","106,8766","99,554","100,609"
2008M9: Sep-2008,"3,69","83,77499","91,02723","101,1851","4,5043","83,06425","98,67714","0,6970454","105,6628","99,601","100,629"
2008M10: Oct-2008,"3,81","84,49249","92,28202","107,3585","4,4158","84,66168","99,86988","0,7533478","103,6208","99,647","100,646"
2008M11: Nov-2008,"3,53","87,15584","92,95767","108,4965","4,1964","85,57181","100,7388","0,7861","103,1358","99,693","100,661"
2008M12: Dec-2008,"2,42","92,2472","95,05673","106,6473","3,8881","85,76192","100,9515","0,74475","108,9462","99,739","100,674"
2009M1: Jan-2009,"2,52","91,01311","95,92078","107,8994","4,0995","87,08711","101,0885","0,7583","108,6538","99,786","100,684"
2009M2: Feb-2009,"2,87","90,12915","96,31268","110,7464","4,1962","88,61658","101,266","0,78065","108,7511","99,833","100,693"
2009M3: Mar-2009,"2,82","90,74907","97,11277","111,2838","4,142","89,24877","101,2876","0,7668636","110,3308","99,881","100,701"
2009M4: Apr-2009,"2,93","92,37922","96,93019","108,4053","4,0897","89,90929","101,3946","0,7574091","108,906","99,93","100,707"
2009M5: May-2009,"3,29","92,70066","97,73842","105,306","4,1323","90,56991","101,4452","0,7319524","109,0394","99,981","100,712"
2009M6: Jun-2009,"3,72","94,80149","97,84425","104,8613","4,3255","91,30607","101,2809","0,7135682","109,9174","100,033","100,716"
2009M7: Jul-2009,"3,56","95,24347","97,8989","104,2844","4,0897","92,35423","101,3054","0,7098261","109,3394","100,087","100,72"
2009M8: Aug-2009,"3,59","95,07701","97,74075","102,7906","3,8915","93,28164","101,1204","0,701","109,4085","100,143","100,724"
2009M9: Sep-2009,"3,4","95,39271","97,84541","101,9464","3,8672","94,2437","101,0098","0,6864545","110,2042","100,201","100,727"
2009M10: Oct-2009,"3,39","96,16187","98,16986","100,3935","3,8036","95,29194","100,9527","0,675","110,6267","100,262","100,73"
2009M11: Nov-2009,"3,4","96,91955","98,62572","99,74886","3,8364","96,03618","100,6993","0,6702333","110,4208","100,325","100,733"
2009M12: Dec-2009,"3,59","97,4878","98,61642","99,82166","3,8727","96,63161","100,5487","0,6863478","109,3466","100,39","100,736"
2010M1: Jan-2010,"3,73","96,26519","98,09544","99,88394","4,102","97,53777","100,4395","0,7001429","106,3103","100,458","100,739"
2010M2: Feb-2010,"3,69","97,72888","98,69899","100,9236","4,1074","98,31646","100,3133","0,73085","103,3851","100,528","100,741"
2010M3: Mar-2010,"3,73","98,36602","98,68038","100,3577","3,986","98,63271","100,2943","0,737","102,6584","100,601","100,743"
2010M4: Apr-2010,"3,85","97,36153","98,81993","99,82269","4,1563","99,24026","100,5063","0,7465454","101,0074","100,677","100,746"
2010M5: May-2010,"3,42","97,99866","99,5863","102,8801","3,6784","100,0161","100,8285","0,7954286","98,07315","100,756","100,749"
2010M6: Jun-2010,"3,2","98,90558","99,78864","103,5881","3,6868","100,533","100,1199","0,8189545","96,21236","100,837","100,752"
2010M7: Jul-2010,"3,01","98,86539","99,9154","101,7937","3,6097","100,8046","99,22725","0,7820455","98,23816","100,922","100,755"
2010M8: Aug-2010,"2,7","100,2143","100,3701","100,8159","3,4364","100,9967","99,39104","0,7754091","97,78654","101,009","100,758"
2010M9: Sep-2010,"2,65","101,2475","100,819","99,61636","3,4921","100,9694","99,60073","0,7639091","97,95811","101,098","100,762"
2010M10: Oct-2010,"2,54","102,0626","101,3946","96,59088","3,3282","100,8024","99,62911","0,72","101,0742","101,191","100,765"
2010M11: Nov-2010,"2,76","105,2655","101,7109","96,57697","3,7165","100,9299","99,77691","0,7334545","99,73294","101,286","100,769"
2010M12: Dec-2010,"3,29","105,7189","102,1203","97,15","4,0714","101,2207","99,87311","0,7567826","97,56334","101,384","100,773"
2011M1: Jan-2011,"3,39","106,511","102,4971","95,98756","3,939","101,4496","100,019","0,7484095","96,76646","101,485","100,777"
2011M2: Feb-2011,"3,58","107,6074","103,0518","95,30032","4,4733","101,4743","100,2011","0,73225","97,74404","101,589","100,782"
2011M3: Mar-2011,"3,41","108,6004","103,5693","94,96793","4,4875","101,6643","100,3384","0,7135652","99,66607","101,695","100,787"
2011M4: Apr-2011,"3,46","108,9333","104,1519","93,67255","4,6574","101,7076","100,4446","0,6917143","100,9654","101,804","100,791"
2011M5: May-2011,"3,17","111,0284","104,8357","94,00483","4,3656","101,5215","100,562","0,6984546","99,80563","101,916","100,796"
2011M6: Jun-2011,3,"111,7574","105,8032","93,9257","4,3748","101,7083","100,7837","0,6941818","100,2327","102,031","100,801"
2011M7: Jul-2011,3,"114,8857","108,0174","93,16592","4,5978","102,0011","100,9109","0,7000476","99,11839","102,148","100,806"
2011M8: Aug-2011,"2,3","121,28","110,3909","93,93743","4,2027","102,4411","101,3427","0,6976522","99,66425","102,267","100,811"
2011M9: Sep-2011,"1,98","122,032","110,72","96,66235","4,0351","102,8766","101,8273","0,727","99,07694","102,389","100,816"
2011M10: Oct-2011,"2,15","122,6863","111,0852","97,25619","4,0761","102,8321","101,7504","0,7288572","99,76256","102,514","100,822"
2011M11: Nov-2011,"2,01","124,6723","111,5818","97,66391","4,3919","103,0184","101,7724","0,7371364","99,28668","102,641","100,827"
2011M12: Dec-2011,"1,98","124,4542","112,0423","98,16391","4,0908","103,4307","102,0164","0,7606364","97,57258","102,77","100,833"
2012M1: Jan-2012,"1,97","126,4116","112,9598","97,43652","3,9047","103,7208","102,163","0,775","94,90253","102,901","100,839"
2012M2: Feb-2012,"1,97","126,9798","113,4645","95,71943","3,7447","103,9915","102,4322","0,7554762","95,08887","103,035","100,846"
2012M3: Mar-2012,"2,17","127,9269","113,9681","96,60567","3,2821","104,3888","102,9266","0,7571363","95,49078","103,171","100,853"
2012M4: Apr-2012,"2,05","128,8797","114,5205","97,14239","3,3817","104,2953","103,0321","0,7599524","95,34555","103,309","100,861"
2012M5: May-2012,"1,8","129,2069","114,9182","98,93967","3,5252","104,5446","103,15","0,7817826","94,52396","103,449","100,869"
2012M6: Jun-2012,"1,62","129,8555","115,7078","100,3456","3,4055","105,5307","103,6032","0,7977143","94,19136","103,591","100,877"
2012M7: Jul-2012,"1,53","132,8576","116,6265","99,45979","3,2488","106,5113","104,0308","0,8140909","92,05392","103,735","100,886"
2012M8: Aug-2012,"1,68","134,6886","117,4219","98,76353","3,008","107,5813","104,2821","0,8061739","92,05055","103,881","100,896"
2012M9: Sep-2012,"1,72","136,8181","118,3778","97,39212","2,4182","108,151","104,2435","0,77715","93,98829","104,029","100,906"
2012M10: Oct-2012,"1,75","138,6492","119,0593","96,84114","2,3053","108,8214","104,7305","0,7706087","94,38573","104,179","100,917"
2012M11: Nov-2012,"1,65","139,0912","119,7571","97,02678","2,2467","109,6569","105,2465","0,7792273","93,85117","104,331","100,928"
2012M12: Dec-2012,"1,72","141,0715","121,2049","95,90811","2,0989","110,0105","105,2","0,7617619","95,11101","104,484","100,941"
2013M1: Jan-2013,"1,91","141,6397","121,5433","95,82803","2,3926","110,22","105,0702","0,752","95,50577","104,639","100,954"
2013M2: Feb-2013,"1,98","141,8004","121,5049","96,73777","2,8576","110,7857","105,1355","0,74955","96,07665","104,796","100,968"
2013M3: Mar-2013,"1,96","142,053","122,3236","97,61855","3,0266","111,6267","105,3367","0,7720476","95,05059","104,955","100,983"
2013M4: Apr-2013,"1,76","144,1309","122,7144","97,05976","2,8554","112,3782","105,5016","0,7677727","95,14478","105,115","100,998"
2013M5: May-2013,"1,93","144,7623","123,1086","97,80717","2,6849","113,1301","105,6718","0,7707143","95,40002","105,277","101,015"
2013M6: Jun-2013,"2,3","144,5269","123,7214","98,89416","3,0704","113,5349","105,6659","0,758586","97,4645","105,44","101,032"
2013M7: Jul-2013,"2,58","146,1169","124,4285","99,24899","3,1012","113,8964","105,708","0,7646422","97,45866","105,605","101,05"
2013M8: Aug-2013,"2,74","146,7885","125,0541","99,04839","3,0965","114,6372","105,9795","0,7510654","98,8421","105,771","101,069"
2013M9: Sep-2013,"2,81","148,0226","125,6926","98,80309","3,4065","115,1118","105,9819","0,7491162","98,40704","105,938","101,089"
2013M10: Oct-2013,"2,62","150,3989","126,9834","97,39859","3,163","115,718","106,0397","0,7330056","98,95979","106,107","101,11"
2013M11: Nov-2013,"2,72","150,5137","127,0927","97,89994","3,1712","116,5213","106,3103","0,7413595","98,86217","106,277","101,131"
2013M12: Dec-2013,"2,9","152,3677","127,7347","97,86247","3,3128","116,5117","106,0203","0,7297122","100,5159","106,448","101,153"
2014M1: Jan-2014,"2,86","154,0151","128,344","98,85611","3,2117","116,734","105,9167","0,7340835","99,98659","106,62","101,175"
2014M2: Feb-2014,"2,71","156,0413","129,2848","99,07258","3,089","117,6626","106,3209","0,731746","100,5355","106,793","101,198"
2014M3: Mar-2014,"2,72","157,5624","129,7826","99,37716","2,8861","118,1687","106,3746","0,7231647","101,6953","106,967","101,222"
2014M4: Apr-2014,"2,71","159,0778","130,4326","99,01123","2,6104","118,4533","106,2871","0,7240891","100,8655","107,143","101,246"
2014M5: May-2014,"2,56","159,8354","131,1967","98,87511","2,5549","118,9902","106,532","0,7281082","99,63739","107,319","101,271"
2014M6: Jun-2014,"2,6","161,4656","131,7525","99,14579","2,2769","119,582","106,9441","0,7355753","98,75281","107,495","101,296"
2014M7: Jul-2014,"2,54","162,9867","132,6236","98,75183","2,1607","120,3128","107,3935","0,738857","98,16808","107,673","101,321"
2014M8: Aug-2014,"2,42","161,6378","133,0608","99,35068","1,9907","121,3656","107,896","0,75092","97,83947","107,851","101,347"
2014M9: Sep-2014,"2,53","163,9969","133,4969","100,6645","1,849","122,3109","108,2721","0,7751895","96,32198","108,029","101,374"
2014M10: Oct-2014,"2,3","164,3815","133,9749","101,6749","1,6914","123,2477","108,6605","0,7890443","96,11575","108,209","101,401"
2014M11: Nov-2014,"2,33","165,2827","134,4796","102,8005","1,6196","124,5527","109,2997","0,801368","96,75799","108,388","101,428"
2014M12: Dec-2014,"2,21","167,2917","135,2378","104,811","1,4509","126,4159","110,2318","0,8121961","98,47225","108,568","101,455"
