Code,EMVM1X28A,USM1....A,USML2106T,EKML2106T,USEBM10Y%,EMGBOND.,,,,
31.01.1979,408528,"363,3","42,106","53,634","8,93","9,6236","0,736","1,36","9,1","9,62"
28.02.1979,405599,"351,7","42,201","53,739","9,22","9,7419","0,74","1,35","9,1","9,74"
30.03.1979,414571,"356,1","42,294","53,843","9,14","9,8235","0,74","1,35","9,12","9,82"
30.04.1979,416264,"371,3","42,385","53,946","9,33","9,9274","0,748","1,34","9,18","9,93"
31.05.1979,420214,"362,2","42,476","54,047","9,02","10,201","0,756","1,32","9,25","10,2"
29.06.1979,435604,"371,9","42,564","54,147","8,74","10,3992","0,747","1,34","8,91","10,4"
31.07.1979,436583,"378,4","42,652","54,246","9,02","10,5292","0,721","1,39","8,95","10,53"
31.08.1979,427802,"376,9","42,738","54,343","9,3","10,5991","0,723","1,38","9,03","10,6"
28.09.1979,434311,"380,5","42,823","54,439","9,46","10,6704","0,715","1,4","9,33","10,67"
31.10.1979,431605,"382,6","42,906","54,533","10,95","10,8468","0,718","1,39","10,3","10,85"
30.11.1979,441447,"384,4","42,988","54,625","10,45","11,1374","0,715","1,4","10,65","11,14"
31.12.1979,458548,"393,2","43,07","54,716","10,36","11,4201","0,7","1,43","10,39","11,42"
31.01.1980,444852,"390,4","43,15","54,806","11,12","11,5023","0,693","1,44","10,8","11,5"
29.02.1980,440074,"380,8","43,229","54,894","13,1","12,0853","0,699","1,43","12,41","12,09"
31.03.1980,447850,"382,2","43,308","54,98","12,76","12,685","0,736","1,36","12,75","12,69"
30.04.1980,448946,"386,7","43,386","55,065","10,75","12,5724","0,743","1,35","11,47","12,57"
30.05.1980,452286,"377,8","43,463","55,149","10,09","12,2638","0,713","1,4","10,18","12,26"
30.06.1980,467166,"387,3","43,539","55,231","9,73","12,1057","0,703","1,42","9,78","12,11"
31.07.1980,466043,"394,6","43,616","55,311","10,38","12,1237","0,694","1,44","10,25","12,12"
29.08.1980,459264,"398,3","43,692","55,391","11,63","12,164","0,707","1,41","11,1","12,16"
30.09.1980,466001,"404,7","43,768","55,469","11,86","12,4537","0,707","1,41","11,51","12,45"
31.10.1980,464732,"410,7","43,844","55,545","12,56","12,7621","0,722","1,39","11,75","12,76"
28.11.1980,481987,"415,8","43,92","55,621","12,86","12,9068","0,749","1,34","12,68","12,91"
31.12.1980,492650,"419,5","43,996","55,696","12,49","12,841","0,77","1,3","12,84","12,84"
30.01.1981,476508,"416,4","44,073","55,769","12,73","12,9312","0,775","1,29","12,57","12,93"
27.02.1981,475181,"405,5","44,15","55,842","13,58","13,4494","0,829","1,21","13,19","13,45"
31.03.1981,476580,"412,2","44,227","55,914","13,3","13,7055","0,83","1,2","13,12","13,71"
30.04.1981,477209,431,"44,305","55,985","14,26","13,9322","0,848","1,18","13,68","13,93"
29.05.1981,486156,"418,5","44,384","56,055","13,65","14,7366","0,902","1,11","14,1","14,74"
30.06.1981,494939,"422,8","44,464","56,125","14,15","14,8977","0,938","1,07","13,47","14,9"
31.07.1981,486452,"427,7","44,545","56,194","14,87","15,0344","0,966","1,04","14,28","15,03"
31.08.1981,482938,"425,9","44,626","56,262","15,71","15,2041","0,995","1,01","14,94","15,2"
30.09.1981,491639,427,"44,71","56,331","16,05","15,4353","0,946","1,06","15,32","15,44"
30.10.1981,488624,"429,7","44,794","56,399","14,73","15,2037","0,921","1,09","15,15","15,2"
30.11.1981,503127,"435,1","44,881","56,467","12,86","15,1985","0,91","1,1","13,39","15,2"
31.12.1981,519135,447,"44,968","56,535","13,97","14,9096","0,919","1,09","13,72","14,91"
29.01.1982,508185,"448,4","45,058","56,602","14,23","14,8468","0,937","1,07","14,59","14,85"
26.02.1982,505693,"432,4","45,15","56,67","14,08","14,8963","0,968","1,03","14,43","14,9"
31.03.1982,506140,"435,6","45,244","56,739","14,37","14,6102","0,985","1,02","13,86","14,61"
30.04.1982,508383,"451,1","45,34","56,807","13,88","14,4708","1,049","0,95","13,87","14,47"
31.05.1982,519016,"440,9","45,439","56,876","13,86","14,4346","0,968","1,03","13,62","14,43"
30.06.1982,532429,"446,2","45,54","56,945","14,66","14,6425","1,017","0,98","14,3","14,64"
30.07.1982,528072,"449,5","45,644","57,015","13,75","14,5892","1,044","0,96","13,95","14,59"
31.08.1982,526324,"449,8","45,75","57,085","12,89","14,2299","1,049","0,95","13,06","14,23"
30.09.1982,534767,"456,2","45,859","57,157","11,72","13,9851","1,062","0,94","12,34","13,99"
29.10.1982,537823,"465,7","45,971","57,229","10,68","13,8124","1,073","0,93","10,91","13,81"
30.11.1982,552998,"474,4","46,086","57,302","10,67","13,8141","1,092","0,92","10,55","13,81"
31.12.1982,570578,"485,8","46,204","57,376","10,32","13,4026","1,048","0,95","10,54","13,4"
31.01.1983,560452,"482,8","46,324","57,451","10,69","13,1128","1,043","0,96","10,46","13,11"
28.02.1983,558656,"474,2","46,448","57,527","10,01","13,0497","1,06","0,94","10,72","13,05"
31.03.1983,556214,"482,7","46,574","57,605","10,52","12,8272","1,065","0,94","10,51","12,83"
29.04.1983,562411,"498,6","46,704","57,684","10,15","12,7883","1,079","0,93","10,4","12,79"
31.05.1983,572976,"493,9","46,836","57,764","10,77","12,935","1,089","0,92","10,38","12,94"
30.06.1983,588355,"503,5","46,971","57,845","10,92","13,0909","1,121","0,89","10,85","13,09"
29.07.1983,591184,"510,5","47,108","57,928","11,74","13,045","1,138","0,88","11,38","13,05"
31.08.1983,579688,"508,2","47,248","58,012","11,94","13,146","1,173","0,85","11,85","13,15"
30.09.1983,583100,"511,4","47,391","58,098","11,39","13,2007","1,174","0,85","11,65","13,2"
31.10.1983,589869,"517,2","47,536","58,186","11,62","13,1173","1,155","0,87","11,54","13,12"
30.11.1983,602042,"521,8","47,683","58,275","11,57","13,1762","1,186","0,84","11,69","13,18"
30.12.1983,628682,"533,3","47,833","58,365","11,77","12,9664","1,217","0,82","11,83","12,97"
31.01.1984,609078,"530,2","47,985","58,458","11,56","12,7903","1,243","0,8","11,67","12,79"
29.02.1984,602326,"516,9","48,139","58,551","11,97","12,5778","1,205","0,83","11,84","12,58"
30.03.1984,600316,"523,2","48,294","58,647","12,45","12,455","1,163","0,86","12,32","12,46"
30.04.1984,609467,"539,9","48,452","58,744","12,75","12,4637","1,183","0,85","12,63","12,46"
31.05.1984,613569,"530,7","48,611","58,844","13,87","12,5921","1,227","0,81","13,41","12,59"
29.06.1984,626388,"541,4","48,772","58,944","13,82","12,4619","1,226","0,82","13,56","12,46"
31.07.1984,627787,"543,3","48,934","59,047","12,91","12,3281","1,273","0,79","13,36","12,33"
31.08.1984,614507,539,"49,098","59,152","12,85","12,2078","1,289","0,78","12,72","12,21"
28.09.1984,632731,"542,5","49,263","59,258","12,54","12,0916","1,348","0,74","12,52","12,09"
31.10.1984,630577,"542,2","49,429","59,366","11,7","11,6297","1,373","0,73","12,16","11,63"
30.11.1984,640198,"549,8","49,596","59,476","11,56","11,4203","1,34","0,75","11,57","11,42"
31.12.1984,682436,"564,6","49,765","59,588","11,52","11,2049","1,389","0,72","11,5","11,2"
31.01.1985,657737,"561,1","49,934","59,702","11,07","10,855","1,425","0,7","11,38","10,86"
28.02.1985,652197,"551,9","50,104","59,818","11,87","10,9617","1,481","0,68","11,51","10,96"
29.03.1985,655551,"558,4","50,274","59,936","11,59","11,0255","1,484","0,67","11,86","11,03"
30.04.1985,657232,"575,1","50,445","60,056","11,31","10,8583","1,382","0,72","11,43","10,86"
31.05.1985,654406,"569,3","50,617","60,177","10,15","10,8509","1,389","0,72","10,85","10,85"
28.06.1985,678598,"585,2","50,789","60,301","10,08","10,8231","1,365","0,73","10,16","10,82"
31.07.1985,677765,592,"50,962","60,427","10,41","10,7913","1,296","0,77","10,31","10,79"
30.08.1985,663190,"594,9","51,135","60,554","10,17","10,678","1,253","0,8","10,33","10,68"
30.09.1985,681100,602,"51,308","60,684","10,15","10,5376","1,275","0,78","10,37","10,54"
31.10.1985,680403,"605,3","51,482","60,815","9,82","10,4002","1,195","0,84","10,24","10,4"
29.11.1985,693520,"614,9","51,655","60,949","9,47","10,2661","1,173","0,85","9,78","10,27"
31.12.1985,732832,"633,3","51,829","61,084","8,87","10,2047","1,146","0,87","9,26","10,2"
31.01.1986,699536,"626,6","52,002","61,221","8,88","9,9611","1,122","0,89","9,19","9,96"
28.02.1986,695994,"612,8","52,176","61,361","8,05","9,9428","1,079","0,93","8,7","9,94"
31.03.1986,717050,"624,3","52,349","61,502","7,21","9,3951","1,049","0,95","7,78","9,4"
30.04.1986,716241,647,"52,522","61,645","7,26","8,7663","1,053","0,95","7,3","8,77"
30.05.1986,722640,"645,7","52,695","61,79","8,03","8,4784","1,037","0,96","7,71","8,48"
30.06.1986,742099,"662,8","52,868","61,937","7,29","8,5498","1,04","0,96","7,8","8,55"
31.07.1986,742626,"673,4","53,04","62,086","7,22","8,5312","1,01","0,99","7,3","8,53"
29.08.1986,734051,"678,4","53,212","62,237","6,75","8,3521","0,979","1,02","7,17","8,35"
30.09.1986,746076,"684,5","53,383","62,39","7,31","8,3279","0,973","1,03","7,45","8,33"
31.10.1986,742741,"692,2","53,554","62,545","7,1","8,4165","0,962","1,04","7,43","8,42"
28.11.1986,766131,"708,8","53,725","62,702",7,"8,535","0,967","1,03","7,25","8,54"
31.12.1986,795950,"739,8","53,895","62,86","7,09","8,4674","0,957","1,04","7,11","8,47"
30.01.1987,768629,"737,1","54,064","63,02","6,99","8,4529","0,9","1,11","7,08","8,45"
27.02.1987,758895,"717,1","54,233","63,183",7,"8,5029","0,883","1,13","7,25","8,5"
31.03.1987,767224,"723,1","54,401","63,346","7,29","8,4579","0,884","1,13","7,25","8,46"
30.04.1987,776638,752,"54,568","63,512","8,07","8,4889","0,872","1,15","8,02","8,49"
29.05.1987,784987,"739,3","54,734","63,679","8,35","8,6779","0,861","1,16","8,61","8,68"
30.06.1987,808457,"743,8","54,9","63,848","8,24","8,9002","0,877","1,14","8,4","8,9"
31.07.1987,800794,"746,2","55,065","64,019","8,48","9,1785","0,889","1,12","8,45","9,18"
31.08.1987,793595,"744,2","55,229","64,191","8,83","9,5074","0,896","1,12","8,76","9,51"
30.09.1987,805278,"744,5","55,392","64,364","9,5","9,7306","0,874","1,14","9,42","9,73"
30.10.1987,804785,"753,2","55,553","64,539","8,69","9,995","0,869","1,15","9,52",10
30.11.1987,825835,"755,5","55,714","64,715","8,82","9,4947","0,815","1,23","8,86","9,49"
31.12.1987,853378,"765,4","55,874","64,892","8,67","9,3506","0,791","1,26","8,99","9,35"
29.01.1988,831513,"764,2","56,032","65,07","8,06","9,2041","0,8","1,25","8,67","9,2"
29.02.1988,820249,"744,5","56,189","65,249","7,95","8,9186","0,822","1,22","8,21","8,92"
31.03.1988,817826,"751,6","56,345","65,429","8,4","8,8357","0,811","1,23","8,37","8,84"
29.04.1988,832665,"777,9","56,5","65,61","8,65","8,823","0,806","1,24","8,72","8,82"
31.05.1988,843234,"763,4","56,653","65,791","9,03","8,9674","0,813","1,23","9,09","8,97"
30.06.1988,864269,"778,5","56,804","65,973","8,7","8,8584","0,843","1,19","8,92","8,86"
29.07.1988,874320,"785,5","56,955","66,156","8,98","8,9715","0,886","1,13","9,06","8,97"
31.08.1988,854208,781,"57,104","66,338","9,13","9,087","0,906","1,1","9,26","9,09"
30.09.1988,857462,"779,7","57,251","66,521","8,78","9,0438","0,9","1,11","8,98","9,04"
31.10.1988,871681,"780,8","57,397","66,704","8,52","8,9263","0,88","1,14","8,8","8,93"
30.11.1988,887646,"786,9","57,541","66,887","9,02","8,93","0,845","1,18","8,96","8,93"
30.12.1988,925626,"803,1","57,683","67,069","9,18","9,0858","0,844","1,18","9,11","9,09"
31.01.1989,894278,"792,1","57,824","67,251","9,03","9,1623","0,881","1,14","9,09","9,16"
28.02.1989,883968,"771,6","57,964","67,433","9,39","9,4056","0,889","1,12","9,17","9,41"
31.03.1989,885660,"774,6","58,102","67,614","9,4","9,6448","0,897","1,11","9,36","9,64"
28.04.1989,897086,"790,2","58,238","67,794","9,04","9,596","0,899","1,11","9,18","9,6"
31.05.1989,900635,"766,1","58,373","67,973","8,64","9,6817","0,938","1,07","8,86","9,68"
30.06.1989,924717,"772,8","58,506","68,152","8,1","9,6037","0,955","1,05","8,28","9,6"
31.07.1989,936970,"780,7","58,637","68,329","7,68","9,5854","0,914","1,09","8,02","9,59"
31.08.1989,915657,"776,5","58,768","68,505","8,3","9,5375","0,928","1,08","8,11","9,54"
29.09.1989,926767,"777,7","58,896","68,68","8,4","9,6914","0,941","1,06","8,19","9,69"
31.10.1989,932879,"783,2","59,024","68,854","7,92","9,8685","0,907","1,1","8,01","9,87"
30.11.1989,951904,"790,2","59,149","69,026","7,83","10,1543","0,894","1,12","7,87","10,15"
29.12.1989,1015225,"810,6","59,274","69,196","7,97","10,2373","0,857","1,17","7,84","10,24"
31.01.1990,969243,"800,7","59,398","69,365","8,39","10,4502","0,832","1,2","8,21","10,45"
28.02.1990,953417,"786,7","59,52","69,531","8,54","10,9205","0,821","1,22","8,47","10,92"
30.03.1990,946591,"794,5","59,641","69,696","8,7","11,0549","0,835","1,2","8,59","11,05"
30.04.1990,962098,"816,2","59,761","69,859","9,06","10,8743","0,825","1,21","8,79","10,87"
31.05.1990,962908,"795,5","59,881","70,02","8,64","10,7959","0,811","1,23","8,76","10,8"
29.06.1990,1016664,809,60,"70,178","8,46","10,7063","0,818","1,22","8,48","10,71"
31.07.1990,1021035,811,"60,118","70,335","8,28","10,5673","0,793","1,26","8,47","10,57"
31.08.1990,995520,"812,7","60,235","70,489","8,77","10,9569","0,76","1,32","8,75","10,96"
28.09.1990,1025650,"817,1","60,353","70,641","8,73","11,1356","0,762","1,31","8,89","11,14"
31.10.1990,1016487,"816,1","60,47","70,791","8,5","11,079","0,74","1,35","8,72","11,08"
30.11.1990,1030820,"824,6","60,587","70,938","8,18","10,9892","0,724","1,38","8,39","10,99"
31.12.1990,1128463,"842,7","60,704","71,082",8,"10,8649","0,732","1,37","8,08","10,86"
31.01.1991,1057010,"831,7","60,821","71,225","7,89","10,8449","0,737","1,36","8,09","10,84"
28.02.1991,1049224,"822,1","60,938","71,365","7,89","10,4413","0,723","1,38","7,85","10,44"
29.03.1991,1047676,"833,7","61,056","71,503","7,96","10,3725","0,782","1,28","8,11","10,37"
30.04.1991,1057868,"851,9","61,174","71,638","7,88","10,1174","0,827","1,21","8,04","10,12"
31.05.1991,1053702,"840,3","61,293","71,771","7,92","9,9855","0,834","1,2","8,07","9,99"
28.06.1991,1091279,"856,7","61,413","71,901","8,14","10,0527","0,869","1,15","8,28","10,05"
31.07.1991,1083554,"860,9","61,534","72,029","8,03","10,2246","0,871","1,15","8,27","10,22"
30.08.1991,1060831,"863,2","61,656","72,154","7,67","10,2017","0,85","1,18","7,9","10,2"
30.09.1991,1079023,"865,4","61,779","72,278","7,29","10,0021","0,828","1,21","7,65",10
31.10.1991,1066870,874,"61,903","72,399","7,15","9,8719","0,826","1,21","7,53","9,87"
29.11.1991,1093925,"892,3","62,028","72,518","6,99","9,9183","0,795","1,26","7,42","9,92"
31.12.1991,1171457,"915,6","62,154","72,634","6,38","9,8923","0,768","1,3","7,09","9,89"
31.01.1992,1088484,"916,4","62,282","72,749","6,92","9,6114","0,771","1,3","7,03","9,61"
28.02.1992,1076117,"915,1","62,412","72,862","6,95","9,547","0,792","1,26","7,34","9,55"
31.03.1992,1087449,"929,6","62,542","72,973","7,25","9,5812","0,813","1,23","7,54","9,58"
30.04.1992,1099079,"953,7","62,675","73,083","7,26","9,6231","0,805","1,24","7,48","9,62"
29.05.1992,1109693,"942,9","62,809","73,19",7,"9,5797","0,789","1,27","7,39","9,58"
30.06.1992,1125542,951,"62,944","73,297","6,76","9,8254","0,768","1,3","7,26","9,83"
31.07.1992,1108523,962,"63,082","73,402","6,27","10,0331","0,73","1,37","6,84","10,03"
31.08.1992,1097785,"970,1","63,221","73,505","6,17","10,1014","0,714","1,4","6,59","10,1"
30.09.1992,1120234,"982,7","63,361","73,608","5,94","10,0219","0,722","1,39","6,42","10,02"
30.10.1992,1116222,"1000,8","63,504","73,71","6,36","10,2245","0,755","1,32","6,59","10,22"
30.11.1992,1153619,"1021,4","63,648","73,811","6,61","9,8813","0,807","1,24","6,87","9,88"
31.12.1992,1215275,"1045,6","63,794","73,911","6,43","9,9328","0,807","1,24","6,77","9,93"
29.01.1993,1143768,"1039,8","63,942","74,011",6,"9,7027","0,825","1,21","6,6","9,7"
26.02.1993,1129592,"1021,9","64,092","74,111","5,67","9,403","0,845","1,18","6,26","9,4"
31.03.1993,1137567,"1030,5","64,243","74,212","5,72","9,1458","0,848","1,18","5,98","9,15"
30.04.1993,1140828,"1057,4","64,397","74,313","5,63","9,1559","0,82","1,22","5,97","9,16"
31.05.1993,1154289,"1056,8","64,553","74,415","5,8","9,0423","0,821","1,22","6,04","9,04"
30.06.1993,1180858,"1071,8","64,71","74,517","5,46","8,7796","0,844","1,18","5,96","8,78"
30.07.1993,1167402,"1083,1","64,87","74,619","5,5","8,4018","0,878","1,14","5,81","8,4"
31.08.1993,1155460,"1088,1","65,031","74,722","5,11","7,9197","0,882","1,13","5,68","7,92"
30.09.1993,1175545,"1098,8","65,195","74,825","5,11","7,612","0,848","1,18","5,36","7,61"
29.10.1993,1185486,"1111,6","65,361","74,929","5,19","7,3615","0,859","1,16","5,33","7,36"
30.11.1993,1220876,1129,"65,529","75,034","5,53","7,3806","0,886","1,13","5,72","7,38"
31.12.1993,1287860,"1153,3","65,698","75,14","5,53","7,1853","0,886","1,13","5,77","7,19"
31.01.1994,1236946,"1141,7","65,87","75,247","5,83","6,69","0,898","1,11","5,75","6,69"
28.02.1994,1228742,"1123,8","66,044","75,355","6,06","6,88","0,895","1,12","5,97","6,88"
31.03.1994,1241312,"1131,1","66,22","75,464","6,58","7,35","0,876","1,14","6,48","7,35"
29.04.1994,1247055,"1152,2","66,398","75,574","7,09","7,46","0,877","1,14","6,97","7,46"
31.05.1994,1246405,1132,"66,578","75,685","7,31","7,75","0,859","1,16","7,18","7,75"
30.06.1994,1278042,"1141,8","66,76","75,798","7,23","8,37","0,846","1,18","7,1","8,37"
29.07.1994,1264712,"1150,9","66,944","75,912","7,43","8,39","0,819","1,22","7,3","8,39"
31.08.1994,1243577,"1144,1","67,13","76,027","7,37","8,68","0,818","1,22","7,24","8,68"
30.09.1994,1257383,"1146,4","67,318","76,144","7,6","9,12","0,81","1,23","7,46","9,12"
31.10.1994,1263586,"1147,9","67,509","76,262","7,89","9,16","0,793","1,26","7,74","9,16"
30.11.1994,1277371,"1156,2","67,701","76,382","8,12","9,12","0,804","1,24","7,96","9,12"
30.12.1994,1343081,"1174,5","67,895","76,503","7,96","9,14","0,823","1,22","7,81","9,14"
31.01.1995,1271973,"1159,5","68,091","76,626","7,93","9,34","0,803","1,25","7,78","9,34"
28.02.1995,1266049,"1135,3","68,29","76,75","7,777","9,19","0,795","1,26","7,47","9,19"
31.03.1995,1262191,"1139,3","68,49","76,876","7,719","9,43","0,76","1,32","7,2","9,43"
28.04.1995,1277541,"1160,3","68,693","77,003","7,571","9,26","0,746","1,34","7,06","9,26"
31.05.1995,1280740,1134,"68,897","77,133","6,791","8,78","0,756","1,32","6,63","8,78"
30.06.1995,1303727,1141,"69,104","77,263","6,737","8,75","0,752","1,33","6,17","8,75"
31.07.1995,1297229,"1145,7","69,313","77,396","6,962","8,71","0,743","1,35","6,28","8,71"
31.08.1995,1276007,"1139,3","69,524","77,53","6,771","8,47","0,77","1,3","6,49","8,47"
29.09.1995,1303692,"1138,4","69,737","77,666","6,669","8,36","0,776","1,29","6,2","8,36"
31.10.1995,1297247,"1132,9","69,952","77,803","6,487","8,48","0,756","1,32","6,04","8,48"
30.11.1995,1324930,"1138,6","70,169","77,942","6,245","8,16","0,755","1,32","5,93","8,16"
29.12.1995,1423101,"1152,7","70,388","78,084","6,063","7,82","0,767","1,3","5,71","7,82"
31.01.1996,1339876,"1130,2","70,61","78,226","6,099","7,44","0,774","1,29","5,65","7,44"
29.02.1996,1328193,"1105,8","70,833","78,371","6,683","7,66","0,776","1,29","5,81","7,66"
29.03.1996,1341316,1118,"71,058","78,518","6,91","7,83","0,78","1,28","6,27","7,83"
30.04.1996,1356635,"1131,8","71,285","78,667","7,197","7,62","0,791","1,26","6,51","7,62"
31.05.1996,1355700,"1105,9","71,515","78,818","7,374","7,48","0,802","1,25","6,74","7,48"
28.06.1996,1395422,1115,"71,746","78,971","7,219","7,51","0,798","1,25","6,91","7,51"
31.07.1996,1377764,"1110,7","71,978","79,125","7,293","7,39","0,787","1,27","6,87","7,39"
30.08.1996,1364121,"1097,7","72,213","79,282","7,402","7,31","0,779","1,28","6,64","7,31"
30.09.1996,1398051,"1091,7","72,449","79,44","7,172","7,13","0,789","1,27","6,83","7,13"
31.10.1996,1394966,"1078,4","72,687","79,6","6,804","6,68","0,794","1,26","6,53","6,68"
29.11.1996,1433207,"1087,4","72,927","79,762","6,46","6,43","0,783","1,28","6,2","6,43"
31.12.1996,1528487,"1105,8","73,168","79,926","6,883","6,31","0,8","1,25","6,3","6,31"
31.01.1997,1445663,"1087,9","73,41","80,091","6,951","6,23","0,822","1,22","6,58","6,23"
28.02.1997,1440528,"1066,8","73,654","80,259","6,989","6,06","0,857","1,17","6,42","6,06"
31.03.1997,1455677,"1069,2","73,899","80,428","7,367","6,32","0,87","1,15","6,69","6,32"
30.04.1997,1455824,"1074,5","74,145","80,599","7,14","6,39","0,874","1,14","6,89","6,39"
30.05.1997,1476228,"1054,7","74,393","80,771","7,11","6,18","0,871","1,15","6,71","6,18"
30.06.1997,1524569,"1064,8","74,641","80,946","6,986","6,09","0,88","1,14","6,49","6,09"
31.07.1997,1513630,"1065,8","74,89","81,122","6,493","5,83","0,905","1,1","6,22","5,83"
29.08.1997,1497684,"1069,1","75,14","81,299","6,84","5,94","0,932","1,07","6,3","5,94"
30.09.1997,1522876,"1059,5","75,391","81,478","6,618","5,66","0,91","1,1","6,21","5,66"
31.10.1997,1525532,"1057,6","75,643","81,658","6,427","5,75","0,89","1,12","6,03","5,75"
28.11.1997,1560332,"1074,1","75,895","81,839","6,342","5,59","0,878","1,14","5,88","5,59"
31.12.1997,1626864,"1097,5","76,148","82,022","6,274","5,46","0,9","1,11","5,81","5,46"
30.01.1998,1567225,"1080,2","76,4","82,206","6,045","5,22","0,919","1,09","5,54","5,22"
27.02.1998,1569376,"1066,2","76,654","82,391","6,158","5,12","0,919","1,09","5,57","5,12"
31.03.1998,1599617,"1075,9","76,907","82,577","6,207","5,01","0,922","1,08","5,65","5,01"
30.04.1998,1615279,"1087,7","77,16","82,764","6,189",5,"0,917","1,09","5,64",5
29.05.1998,1638215,"1070,8","77,414","82,953","6,113","5,06","0,902","1,11","5,65","5,06"
30.06.1998,1686330,"1075,2","77,667","83,142","6,025","4,91","0,912","1,1","5,5","4,91"
31.07.1998,1648020,"1074,2","77,92","83,332","6,079","4,82","0,915","1,09","5,46","4,82"
31.08.1998,1635112,"1069,3","78,173","83,522","5,991","4,59","0,908","1,1","5,34","4,59"
30.09.1998,1657140,"1070,6","78,425","83,714","5,305","4,27","0,867","1,15","4,81","4,27"
30.10.1998,1660077,"1077,4","78,676","83,906","5,479","4,25","0,838","1,19","4,53","4,25"
30.11.1998,1709659,1098,"78,927","84,098","5,594","4,24","0,858","1,17","4,83","4,24"
31.12.1998,1785398,"1121,2","79,177","84,291","5,52","3,95","0,853","1,17","4,65","3,95"
29.01.1999,1805976,"1103,9","79,426","84,484","5,489","3,822","0,862","1,16","4,72","3,82"
26.02.1999,1775685,"1085,2","79,674","84,678","6,19","3,9742","0,892","1,12",5,"3,97"
31.03.1999,1796445,"1097,5","79,921","84,872","6,138","4,181","0,919","1,09","5,23","4,18"
30.04.1999,1811021,"1113,6","80,167","85,066","6,119","4,0407","0,934","1,07","5,18","4,04"
31.05.1999,1843509,"1096,4","80,411","85,26","6,659","4,2049","0,941","1,06","5,54","4,2"
30.06.1999,1886693,"1098,2","80,654","85,454","6,817","4,5267","0,964","1,04","5,9","4,53"
30.07.1999,1885415,"1097,2","80,895","85,647","7,029","4,8562","0,966","1,04","5,79","4,86"
31.08.1999,1850990,"1092,8","81,135","85,841","7,129","5,0606","0,944","1,06","5,94","5,06"
30.09.1999,1876545,"1086,2","81,374","86,033","7,105","5,2353","0,951","1,05","5,92","5,24"
29.10.1999,1882966,"1095,1","81,61","86,226","7,119","5,4716","0,934","1,07","6,11","5,47"
30.11.1999,1918079,1113,"81,845","86,417","7,191","5,1842","0,968","1,03","6,03","5,18"
31.12.1999,1972045,"1148,2","82,078","86,608","7,531","5,3044","0,988","1,01","6,28","5,3"
31.01.2000,1982585,"1126,9","82,31","86,798","7,642","5,6985","0,987","1,01","6,66","5,7"
29.02.2000,1973795,"1097,4","82,539","86,987","7,602","5,6636","1,016","0,98","6,52","5,66"
31.03.2000,1986051,"1108,9","82,766","87,175","7,441","5,4906","1,036","0,97","6,26","5,49"
28.04.2000,2027142,"1125,7","82,992","87,361","7,601","5,4138","1,058","0,95","5,99","5,41"
31.05.2000,2009080,"1100,4","83,215","87,547","7,649","5,5155","1,102","0,91","6,44","5,52"
30.06.2000,2024238,"1101,8","83,437","87,731","7,417","5,3454","1,053","0,95","6,1","5,35"
31.07.2000,2022811,"1102,8","83,657","87,914","7,392","5,4537","1,065","0,94","6,05","5,45"
31.08.2000,1989355,"1094,5","83,875","88,095","7,127","5,3982","1,106","0,9","5,83","5,4"
29.09.2000,2002243,"1088,8","84,091","88,274","7,127","5,4672","1,148","0,87","5,8","5,47"
31.10.2000,2002079,"1092,2","84,305","88,452","7,043","5,4163","1,172","0,85","5,74","5,42"
30.11.2000,2020878,"1092,1","84,518","88,628","6,805","5,3357","1,168","0,86","5,72","5,34"
29.12.2000,2084600,"1111,7","84,729","88,803","6,173","5,068","1,111","0,9","5,24","5,07"
31.01.2001,2083703,"1100,4","84,938","88,976","6,041","5,0082","1,065","0,94","5,16","5,01"
28.02.2001,2084013,"1089,8","85,146","89,147","5,953","5,0211","1,085","0,92","5,1","5,02"
30.03.2001,2096001,"1111,2","85,353","89,316","6,134","4,9381","1,101","0,91","4,89","4,94"
30.04.2001,2129763,"1126,7","85,559","89,483","6,347","5,1014","1,119","0,89","5,14","5,1"
31.05.2001,2150338,"1114,7","85,763","89,649","6,345","5,2625","1,143","0,87","5,39","5,26"
29.06.2001,2191444,"1126,3","85,967","89,813","6,524","5,2083","1,171","0,85","5,28","5,21"
31.07.2001,2167979,"1139,7","86,169","89,976","6,116","5,25","1,161","0,86","5,24","5,25"
31.08.2001,2128380,"1144,5","86,371","90,137","5,906","5,0582","1,109","0,9","4,97","5,06"
28.09.2001,2187299,"1193,6","86,573","90,296","5,487","5,0374","1,096","0,91","4,73","5,04"
31.10.2001,2175722,"1159,2","86,774","90,454","4,984","4,8169","1,104","0,91","4,57","4,82"
30.11.2001,2210574,1169,"86,974","90,61","5,713","4,6667","1,126","0,89","4,65","4,67"
31.12.2001,2278976,"1208,5","87,175","90,766","6,244","4,9588","1,12","0,89","5,09","4,96"
31.01.2002,2239338,"1191,8","87,375","90,92","5,992","5,0229","1,133","0,88","5,04","5,02"
28.02.2002,2228301,"1178,3","87,575","91,072","5,909","5,0661","1,149","0,87","4,91","5,07"
29.03.2002,2238652,"1196,8","87,775","91,224","6,334","5,3165","1,141","0,88","5,28","5,32"
30.04.2002,2278113,"1196,9","87,975","91,374","5,895","5,2972","1,128","0,89","5,21","5,3"
31.05.2002,2290532,1186,"88,175","91,524","5,896","5,3031","1,089","0,92","5,16","5,3"
28.06.2002,2349754,"1194,7","88,376","91,672","5,679","5,1649","1,045","0,96","4,93","5,16"
31.07.2002,2328109,"1200,4","88,577","91,82","5,323","5,0274","1,008","0,99","4,65","5,03"
30.08.2002,2301453,"1182,3","88,778","91,968","4,877","4,7311","1,022","0,98","4,26","4,73"
30.09.2002,2364441,"1185,8","88,98","92,114","4,568","4,5233","1,019","0,98","3,87","4,52"
31.10.2002,2355081,"1196,6","89,182","92,261","4,74","4,6235","1,019","0,98","3,94","4,62"
29.11.2002,2414586,"1205,3","89,384","92,406","5,005","4,5924","0,998",1,"4,05","4,59"
31.12.2002,2499429,"1245,5","89,587","92,552","4,491","4,4065","0,982","1,02","4,03","4,41"
31.01.2003,2440875,"1225,3","89,791","92,697","4,726","4,2703","0,94","1,06","4,05","4,27"
28.02.2003,2451197,"1225,2","89,995","92,843","4,331","4,0608","0,928","1,08","3,9","4,06"
31.03.2003,2497509,"1244,8","90,199","92,988","4,502","4,1272","0,927","1,08","3,81","4,13"
30.04.2003,2527118,"1259,3","90,404","93,133","4,429","4,2289","0,92","1,09","3,96","4,23"
30.05.2003,2561474,"1266,3","90,609","93,279","4,002","3,9187","0,864","1,16","3,57","3,92"
30.06.2003,2605444,"1284,4","90,815","93,424","4,104","3,7233","0,857","1,17","3,33","3,72"
31.07.2003,2584795,"1287,6","91,02","93,57","5,39","4,0626","0,88","1,14","3,98","4,06"
29.08.2003,2573150,"1291,9","91,226","93,716","5,287","4,2047","0,897","1,11","4,45","4,2"
30.09.2003,2615593,"1285,9","91,432","93,863","4,646","4,2319","0,889","1,12","4,27","4,23"
31.10.2003,2620362,"1288,5","91,638","94,01","5,091","4,3081","0,855","1,17","4,29","4,31"
28.11.2003,2667754,"1293,6","91,844","94,157","5,102","4,4378","0,853","1,17","4,3","4,44"
31.12.2003,2727088,"1332,2","92,049","94,304","4,921","4,356","0,813","1,23","4,27","4,36"
30.01.2004,2702875,"1301,5","92,254","94,452","4,788","4,2567","0,793","1,26","4,15","4,26"
27.02.2004,2703312,"1306,3","92,459","94,601","4,641","4,1833","0,791","1,26","4,08","4,18"
31.03.2004,2745527,"1337,5","92,662","94,749","4,55","4,0194","0,816","1,23","3,83","4,02"
30.04.2004,2770661,"1342,8","92,865","94,899","5,22","4,2424","0,834","1,2","4,35","4,24"
31.05.2004,2788600,"1333,1","93,067","95,048","5,449","4,3862","0,832","1,2","4,72","4,39"
30.06.2004,2833384,"1347,4","93,268","95,198","5,332","4,4426","0,823","1,22","4,73","4,44"
30.07.2004,2834795,"1338,5","93,468","95,348","5,191","4,3396","0,815","1,23","4,5","4,34"
31.08.2004,2795674,"1352,2","93,667","95,498","4,96","4,1679","0,82","1,22","4,28","4,17"
30.09.2004,2857107,"1348,8","93,864","95,648","4,753","4,114","0,818","1,22","4,13","4,11"
29.10.2004,2865999,1351,"94,059","95,799","4,625","3,9794","0,801","1,25","4,1","3,98"
30.11.2004,2913705,"1370,7","94,253","95,949","4,948","3,8687","0,769","1,3","4,19","3,87"
31.12.2004,2948883,"1401,2","94,444","96,1","4,805","3,6893","0,745","1,34","4,23","3,69"
31.01.2005,2965989,"1361,2","94,634","96,25","4,706","3,6336","0,763","1,31","4,22","3,63"
28.02.2005,2970119,"1354,7","94,821","96,4","4,918","3,6153","0,768","1,3","4,17","3,62"
31.03.2005,2997572,"1381,4","95,006","96,55","5,056","3,7625","0,759","1,32","4,5","3,76"
29.04.2005,3031049,1369,"95,188","96,699","4,745","3,5709","0,773","1,29","4,34","3,57"
31.05.2005,3064079,"1369,1","95,368","96,848","4,515","3,4074","0,789","1,27","4,14","3,41"
30.06.2005,3304862,1384,"95,545","96,996","4,413","3,2541","0,823","1,22",4,"3,25"
29.07.2005,3320881,1365,"95,719","97,143","4,806","3,316","0,83","1,2","4,18","3,32"
31.08.2005,3269142,"1376,5","95,89","97,289","4,654","3,3155","0,813","1,23","4,26","3,32"
30.09.2005,3323148,"1363,2","96,057","97,434","4,861","3,1555","0,817","1,22","4,2","3,16"
31.10.2005,3349922,"1365,1","96,222","97,578","5,177","3,3234","0,831","1,2","4,46","3,32"
30.11.2005,3379139,"1373,2","96,382","97,721","5,137","3,5273","0,848","1,18","4,54","3,53"
30.12.2005,3482137,"1396,9","96,54","97,862","5,051","3,409","0,843","1,19","4,47","3,41"
31.01.2006,3444339,"1375,2","96,693","98,001","5,11","3,3927","0,825","1,21","4,42","3,39"
28.02.2006,3442605,"1361,7","96,843","98,138","5,134","3,551","0,838","1,19","4,57","3,55"
31.03.2006,3469610,"1394,4","96,989","98,273","5,48","3,7312","0,831","1,2","4,72","3,73"
28.04.2006,3534458,"1393,3","97,131","98,406","5,762","4,0116","0,814","1,23","4,99","4,01"
31.05.2006,3552068,"1391,8","97,269","98,536","5,751","4,0603","0,783","1,28","5,11","4,06"
30.06.2006,3600681,"1378,7","97,403","98,664","5,831","4,0751","0,79","1,27","5,11","4,08"
31.07.2006,3574988,"1368,2","97,533","98,788","5,642","4,0963","0,788","1,27","5,09","4,1"
31.08.2006,3518324,"1370,2","97,659","98,91","5,379","3,9682","0,781","1,28","4,88","3,97"
29.09.2006,3583870,1347,"97,78","99,028","5,254","3,8398","0,785","1,27","4,72","3,84"
31.10.2006,3566556,"1359,9","97,898","99,143","5,217","3,8813","0,792","1,26","4,73","3,88"
30.11.2006,3612793,"1368,2","98,011","99,254","5,021","3,8041","0,776","1,29","4,6","3,8"
29.12.2006,3758611,"1387,3","98,12","99,362","5,261","3,9026","0,758","1,32","4,56","3,9"
31.01.2007,3685739,"1368,6","98,225","99,465","5,42","4,1028","0,769","1,3","4,76","4,1"
28.02.2007,3678110,1347,"98,326","99,565","5,208","4,1175","0,764","1,31","4,72","4,12"
30.03.2007,3738987,"1377,9","98,423","99,66","5,274","4,0227","0,755","1,32","4,56","4,02"
30.04.2007,3758614,"1391,8","98,516","99,751","5,266","4,2459","0,74","1,35","4,69","4,25"
31.05.2007,3780482,"1385,1","98,605","99,838","5,559","4,3731","0,74","1,35","4,75","4,37"
29.06.2007,3849587,"1370,2","98,69","99,92","5,784","4,6608","0,745","1,34","5,1","4,66"
31.07.2007,3836225,"1368,1","98,771","99,998","5,616","4,6284","0,729","1,37",5,"4,63"
31.08.2007,3754392,"1372,3","98,848","100,071","5,34","4,4263","0,734","1,36","4,67","4,43"
28.09.2007,3827756,"1355,8","98,922","100,139","5,326","4,3694","0,719","1,39","4,52","4,37"
31.10.2007,3796032,"1368,9","98,993","100,204","5,157","4,4002","0,703","1,42","4,53","4,4"
30.11.2007,3836516,1370,"99,06","100,263","4,752","4,2515","0,681","1,47","4,15","4,25"
31.12.2007,3901280,"1394,4","99,125","100,318","4,806","4,3818","0,687","1,46","4,1","4,38"
31.01.2008,3851627,"1375,4","99,186","100,369","4,419","4,2317","0,68","1,47","3,74","4,23"
29.02.2008,3801133,"1365,4","99,245","100,415","4,456","4,1394","0,679","1,47","3,74","4,14"
31.03.2008,3852527,"1400,5","99,301","100,457","4,219","4,0705","0,644","1,55","3,51","4,07"
30.04.2008,3837533,1406,"99,355","100,495","4,577","4,2827","0,635","1,57","3,68","4,28"
30.05.2008,3868022,1396,"99,407","100,529","4,813","4,4233","0,643","1,56","3,88","4,42"
30.06.2008,3914925,"1406,8","99,457","100,559","4,802","4,8093","0,643","1,56","4,1","4,81"
31.07.2008,3839031,"1417,3","99,506","100,586","4,804","4,8145","0,635","1,57","4,01","4,81"
29.08.2008,3790298,"1400,9","99,554","100,609","4,626","4,496","0,669","1,49","3,89","4,5"
30.09.2008,3877017,"1441,1","99,601","100,629","4,609","4,5043","0,697","1,43","3,69","4,5"
31.10.2008,3944467,"1462,2","99,647","100,646","4,619","4,4158","0,753","1,33","3,81","4,42"
28.11.2008,3969681,"1513,3","99,693","100,661","3,226","4,1964","0,786","1,27","3,53","4,2"
31.12.2008,4035742,"1631,9","99,739","100,674","2,7","3,8881","0,745","1,34","2,42","3,89"
30.01.2009,4096150,"1580,3","99,786","100,684","3,18","4,0995","0,758","1,32","2,52","4,1"
27.02.2009,4101868,"1551,6","99,833","100,693","3,44","4,1962","0,781","1,28","2,87","4,2"
31.03.2009,4130772,"1594,4","99,881","100,701","2,962","4,142","0,767","1,3","2,82","4,14"
30.04.2009,4197570,"1627,2","99,93","100,707","3,353","4,0897","0,757","1,32","2,93","4,09"
29.05.2009,4221129,"1617,4","99,981","100,712","3,816","4,1323","0,732","1,37","3,29","4,13"
30.06.2009,4311633,"1661,2","100,033","100,716","3,946","4,3255","0,714","1,4","3,72","4,33"
31.07.2009,4311001,"1657,2","100,087","100,72","3,896","4,0897","0,71","1,41","3,56","4,09"
31.08.2009,4317628,"1650,8","100,143","100,724","3,771","3,8915","0,701","1,43","3,59","3,89"
30.09.2009,4379347,"1640,5","100,201","100,727","3,608","3,8672","0,686","1,46","3,4","3,87"
30.10.2009,4434569,"1663,7","100,262","100,73","3,712","3,8036","0,675","1,48","3,39","3,8"
30.11.2009,4472348,"1682,6","100,325","100,733","3,443","3,8364","0,67","1,49","3,4","3,84"
31.12.2009,4556171,"1723,8","100,39","100,736","4,168","3,8727","0,686","1,46","3,59","3,87"
29.01.2010,4554112,"1673,6","100,458","100,739","3,923","4,102","0,7","1,43","3,73","4,1"
26.02.2010,4538879,"1684,7","100,528","100,741","3,894","4,1074","0,731","1,37","3,69","4,11"
31.03.2010,4544318,1729,"100,601","100,743","4,014","3,986","0,737","1,36","3,73","3,99"
30.04.2010,4625855,"1715,4","100,677","100,746","3,844","4,1563","0,747","1,34","3,85","4,16"
31.05.2010,4663769,"1707,6","100,756","100,749","3,517","3,6784","0,795","1,26","3,42","3,68"
30.06.2010,4713441,"1731,8","100,837","100,752","3,131","3,6868","0,819","1,22","3,2","3,69"
30.07.2010,4696209,"1717,9","100,922","100,755","3,028","3,6097","0,782","1,28","3,01","3,61"
31.08.2010,4663060,"1739,1","101,009","100,758","2,578","3,4364","0,775","1,29","2,7","3,44"
30.09.2010,4664407,"1740,8","101,098","100,762","2,686","3,4921","0,764","1,31","2,65","3,49"
29.10.2010,4671805,"1766,8","101,191","100,765","2,817","3,3282","0,72","1,39","2,54","3,33"
30.11.2010,4687752,"1828,1","101,286","100,769","3,124","3,7165","0,733","1,36","2,76","3,72"
31.12.2010,4754390,"1870,8","101,384","100,773","3,567","4,0714","0,757","1,32","3,29","4,07"
31.01.2011,4711971,1855,"101,485","100,777","3,683","3,939","0,748","1,34","3,39","3,94"
28.02.2011,4677690,"1858,1","101,589","100,782","3,727","4,4733","0,732","1,37","3,58","4,47"
31.03.2011,4692935,"1908,8","101,695","100,787","3,757","4,4875","0,714","1,4","3,41","4,49"
29.04.2011,4726865,"1917,4","101,804","100,791","3,548","4,6574","0,692","1,45","3,46","4,66"
31.05.2011,4714711,"1933,6","101,916","100,796","3,331","4,3656","0,698","1,43","3,17","4,37"
30.06.2011,4769347,"1953,6","102,031","100,801","3,462","4,3748","0,694","1,44",3,"4,37"
29.07.2011,4751435,"1993,9","102,148","100,806","3,082","4,5978","0,7","1,43",3,"4,6"
31.08.2011,4732791,"2101,2","102,267","100,811","2,51","4,2027","0,698","1,43","2,3","4,2"
30.09.2011,4758479,"2098,5","102,389","100,816","2,179","4,0351","0,727","1,38","1,98","4,04"
31.10.2011,4765506,"2127,5","102,514","100,822","2,373","4,0761","0,729","1,37","2,15","4,08"
30.11.2011,4782427,"2163,8","102,641","100,827","2,303","4,3919","0,737","1,36","2,01","4,39"
30.12.2011,4866628,"2207,5","102,77","100,833","2,099","4,0908","0,761","1,31","1,98","4,09"
31.01.2012,4815738,"2208,5","102,901","100,839","1,972","3,9047","0,775","1,29","1,97","3,9"
29.02.2012,4781849,"2193,8","103,035","100,846","2,146","3,7447","0,755","1,32","1,97","3,74"
30.03.2012,4831829,"2245,3","103,171","100,853","2,379","3,2821","0,757","1,32","2,17","3,28"
30.04.2012,4837151,2268,"103,309","100,861","2,111","3,3817","0,76","1,32","2,05","3,38"
31.05.2012,4883083,"2247,7","103,449","100,869","1,787","3,5252","0,782","1,28","1,8","3,53"
29.06.2012,4958228,"2265,9","103,591","100,877","1,83","3,4055","0,798","1,25","1,62","3,41"
31.07.2012,4982742,"2307,4","103,735","100,886","1,63","3,2488","0,814","1,23","1,53","3,25"
31.08.2012,4979012,"2328,3","103,881","100,896","1,72","3,008","0,806","1,24","1,68","3,01"
28.09.2012,5022850,"2351,8","104,029","100,906","1,77","2,4182","0,777","1,29","1,72","2,42"
31.10.2012,5056475,2410,"104,179","100,917","1,79","2,3053","0,771","1,3","1,75","2,31"
30.11.2012,5091610,"2410,2","104,331","100,928","1,72","2,2467","0,779","1,28","1,65","2,25"
31.12.2012,5168711,"2505,4","104,484","100,941","1,88","2,0989","0,762","1,31","1,72","2,1"
31.01.2013,5109719,"2477,8","104,639","100,954","2,14","2,3926","0,752","1,33","1,91","2,39"
28.02.2013,5119421,"2451,9","104,796","100,968","2,05","2,8576","0,75","1,33","1,98","2,86"
29.03.2013,5170370,2493,"104,955","100,983","2,09","3,0266","0,772","1,3","1,96","3,03"
30.04.2013,5239738,"2538,3","105,115","100,998","1,92","2,8554","0,768","1,3","1,76","2,86"
31.05.2013,5265103,"2514,9","105,277","101,015","2,4","2,6849","0,771","1,3","1,93","2,68"
28.06.2013,5309080,"2519,6","105,44","101,032","2,82","3,0704","0,759","1,32","2,3","3,07"
31.07.2013,5299129,"2538,9","105,605","101,05","2,91","3,1012","0,765","1,31","2,58","3,1"
30.08.2013,5325573,"2531,7","105,771","101,069","3,11","3,0965","0,751","1,33","2,74","3,1"
30.09.2013,5347616,2549,"105,938","101,089","2,91","3,4065","0,749","1,34","2,81","3,41"
31.10.2013,5384328,"2614,7","106,107","101,11","2,84","3,163","0,733","1,36","2,62","3,16"
29.11.2013,5431994,"2601,5","106,277","101,131","2,99","3,1712","0,741","1,35","2,72","3,17"
31.12.2013,5444536,"2711,7","106,448","101,153","3,27","3,3128","0,73","1,37","2,9","3,31"
31.01.2014,5418634,"2694,3","106,62","101,175","2,93","3,2117","0,734","1,36","2,86","3,21"
28.02.2014,5427863,"2698,5","106,793","101,198","2,9","3,089","0,732","1,37","2,71","3,09"
31.03.2014,5460987,"2765,5","106,967","101,222","2,97","2,8861","0,723","1,38","2,72","2,89"
30.04.2014,5498811,"2801,9","107,143","101,246","2,87","2,6104","0,724","1,38","2,71","2,61"
30.05.2014,5556493,"2774,5","107,319","101,271","2,69","2,5549","0,728","1,37","2,56","2,55"
30.06.2014,5600832,2817,"107,495","101,296","2,74","2,2769","0,736","1,36","2,6","2,28"
31.07.2014,5611387,"2834,2","107,673","101,321","2,8","2,1607","0,739","1,35","2,54","2,16"
29.08.2014,5648212,2783,"107,851","101,347","2,58","1,9907","0,751","1,33","2,42","1,99"
30.09.2014,5688127,"2827,5","108,029","101,374","2,73","1,849","0,775","1,29","2,53","1,85"
31.10.2014,5726933,"2856,5","108,209","101,401","2,56","1,6914","0,789","1,27","2,3","1,69"
28.11.2014,5827307,2852,"108,388","101,428","2,36","1,6196","0,801","1,25","2,33","1,62"
31.12.2014,5956511,"2981,1","108,568","101,455","2,35","1,4509","0,812","1,23","2,21","1,45"
